text,title
回放CCTV2的消费主张,Weather-Query
给我打开玩具房的灯,TVProgram-Play
循环播放赵本山的小品相亲来听,Calendar-Query
15号上午10点带孩子去海洋馆的行程帮我制定下。,Alarm-Update
把智能扫地机器人关掉,Radio-Listen
帮我续播16集摩天大楼,Music-Play
放美国电影史密斯夫妇给我看,Audio-Play
放刘禹锡的浪淘沙来听,Audio-Play
查看6月6日是农历几月几号,Music-Play
放一个讲述美食的美国纪录片来看,Weather-Query
周日上午10点左右陪妈妈逛街的行程提醒我一下。,Weather-Query
刘德华翻唱过的经典老歌都有哪些，尤其是70年代的,HomeAppliance-Control
看一下怎么去仙游有汽车还是火车那个快,HomeAppliance-Control
非常6+1-2021-20节目想回看一下,Radio-Listen
收听频率是九七点四的中国歌曲排行榜,Weather-Query
明天下午的备忘录请给我全部关闭，不要让它再提醒,Alarm-Update
王力宏在重庆开演唱会的视频放来看一下,Travel-Query
明天紫外线强不强,HomeAppliance-Control
今儿这风是5级还是7级,FilmTele-Play
发表感言章子怡数次哽咽,Music-Play
我想看5月9日兹维列夫对蒂姆的网球比赛视频,FilmTele-Play
给我放推理剧的天道可以吗,Radio-Listen
钱塘江最近会不会下大暴雨,FilmTele-Play
提醒我海南气温升高,FilmTele-Play
刚被联合国封为地球卫士的周迅穿得很低碳,HomeAppliance-Control
我不想睡觉我想聊天说话,Video-Play
我想看今天的体育台播了啥，帮我找一下,HomeAppliance-Control
我想看2017年李荣浩和杨丞琳在演唱会上演唱的年轮说的视频,TVProgram-Play
我想听邵帅唱的驻马店,Audio-Play
现在给我建一个日程下午2点去邮局买邮票,Radio-Listen
没想到的是严立恒实则与夏友善是同父异母的姐弟,HomeAppliance-Control
我把赵英俊的送你一朵小红花下载下来循环播放,Video-Play
音乐台的话给我找河南音乐广播,FilmTele-Play
播放邓紫棋唱歌的视频,FilmTele-Play
看一下北京文艺广播的今晚我们说电影还在播不,HomeAppliance-Control
我想看单依纯在为歌而赞唱的如此的纯享版音乐视频,Travel-Query
我超级想看2020年张大仙王者荣耀录播的游戏视频,Alarm-Update
给我找一下中国电视剧觉醒年代的拍戏花絮,Audio-Play
白冰冰写给女儿的信中提到四月一四日唉,Music-Play
美食纪录片生活如沸给我找一下,Music-Play
广州湿度如何,Calendar-Query
现在请收听频率是一零三点九的路况信息,Alarm-Update
冰箱冷冻室温度调成零下19度吧,Video-Play
赵菲儿的专辑欠我一次旅行播放,Weather-Query
播放2021年春晚小品开往春天的幸福开车听,TVProgram-Play
赶紧给我查查什么节日是7月1日啊,Audio-Play
明天12点的时候请通知我关闭王者荣耀,Calendar-Query
气场十足女王头衔当之无愧,TVProgram-Play
据悉北京二中院已受理此上诉案,Travel-Query
GPRS套餐什么时候开始计费,Audio-Play
我想去悉尼歌剧院，请问那趟航班最快。,Weather-Query
电影杀死比尔的制片人班内特沃尔什说,Video-Play
南昌穿啥衣服好,Video-Play
播一下广播剧犯罪心理第一季,Calendar-Query
黑龙江卫视的新闻在线播放一下实时新闻,Radio-Listen
今年的妇女节是什么时候,HomeAppliance-Control
我想听孔刘等待的20时,Video-Play
我需要知道15点有珠海始发去汕尾的大巴车不,Radio-Listen
给我循环播放李商隐的夜雨寄北我想听,HomeAppliance-Control
东莞早上七点能下中雨不,Travel-Query
查询廊坊周日会不会刮风,Music-Play
继续看张铁林的铁齿铜牙纪晓岚吧,Calendar-Query
播放破云广播剧,FilmTele-Play
十点钟的蒙面唱将猜猜猜在哪个电视播放？帮我看下,FilmTele-Play
乐思购物直播节目是在今天十八点播放吗帮我看下,HomeAppliance-Control
我想听姚博的交通新闻,Music-Play
查看一下2021年5月26播出的国防故事,Music-Play
QQ空间打不开怎么办,Weather-Query
5月22日下午3点深圳战佛山的kpl春季赛视频快给我放一下,Audio-Play
可以来播放一会今年的偶像剧吗,HomeAppliance-Control
你给我来一首热血沸腾的歌曲行不行,Calendar-Query
吃立节是什么时候,Other
我平时不会水呀可这回我却是往大海里闯况且还是在晚上,Alarm-Update
文艺类的天津人民广播电台文艺台收听一下,Video-Play
明天有位从韩国进修回来的专家老师过来哦,Other
放一个惊悚小说地狱公寓来听,Travel-Query
查询一下爸爸去哪的相关视频,Other
用安卓市场下载豆瓣阅读,Calendar-Query
随便播一个2021年晚上22点更新的动漫,Travel-Query
据说每天吃一瓣儿新鲜蒜头脸上可保不再见粉刺,FilmTele-Play
重复播放推理小说占星术杀人魔法的第三章,Music-Play
从北京最快通往新疆的飞机是多久,Alarm-Update
单曲循环英文版的吻别呢,Radio-Listen
打开吸尘器，我要打扫卫生,TVProgram-Play
给我续播西游记原著第五十二集听,Video-Play
5月23号的蔚蓝星球纪录片给找下,Music-Play
怎么样自驾车去成都即快又不堵车呢,Other
圣诞除夕分别是星期几,Travel-Query
夏永康表示数年间有很大转变变得越来越性感,HomeAppliance-Control
播放一首张小九的余香听听,FilmTele-Play
把从天坛到北京火车站的步行和骑车路线都给我,Other
提醒我今天下午1点30分上网课的行程。,Alarm-Update
我想你现在就播放一个去年新出的玄幻剧给我看,Music-Play
回放下这个台昨天放的越战越勇,Calendar-Query
给我唱一首2008年的奥运会的主题曲吧,Travel-Query
今天晚上韶关附近有没有东风,Alarm-Update
祭谷神节是什么时候,Calendar-Query
正点财经在哪个频道播出？往期视频回放一下啊,Calendar-Query
请给我播放杜牧的诗词,Calendar-Query
播放四川广播电台的新闻联播,Calendar-Query
我就是不知道手机号码而且家里又只有我的手机,Audio-Play
萧亚轩演英雌救帅跟洪金宝儿子学武功组图,Radio-Listen
为我放首侍神令影视原声碟专辑中的笛子吹奏轻音乐庭院,Video-Play
很想看俄罗斯的电视剧推荐视频随便播一个给我,FilmTele-Play
请用英文播放小意达的花儿这个故事,FilmTele-Play
请帮我设置一个后天早上9点开始三周年庆典的闹钟。,Video-Play
他是不是对你有意思啊,FilmTele-Play
谁会是最期待的零点嘉宾,Travel-Query
五月初下午会刮大风吗,FilmTele-Play
昆明去年下冰雹了吗,HomeAppliance-Control
我要循环的听小猪学本领这个故事,Video-Play
我要听法语版的樵夫与仙女的故事,Travel-Query
准备做美食了，帮我打开蒸烤箱吧,FilmTele-Play
关闭今天8点的日程,Alarm-Update
给我打开前天更新的绝世战魂的第36集,HomeAppliance-Control
二零一三年一月一号限行不,Other
给我播放仙侠类的有声漫画,Music-Play
我想再看一遍周三电视播出的妈妈为我嫁,FilmTele-Play
2月14日是农历几月几号,Calendar-Query
今天给我一部张艺谋拍的纪录片看一看,FilmTele-Play
陈法拉生日男友送相机闻诸葛梓岐即封口图,Other
删除这个2个小时后关闭快手的备忘录,TVProgram-Play
今年的萝卜节是星期几,Audio-Play
我要听搞笑相声人在黑社会,Video-Play
广西都市4月21日上午八点播放的是什么节目帮我看下,FilmTele-Play
5月1日的今日说法帮忙打开一下。,Calendar-Query
查下还有明天去北京的汽车票吗,Calendar-Query
现在给我放一个英文版的稻草人的小故事,Alarm-Update
你先可以给我定一个50分钟之后的闹铃,FilmTele-Play
广播剧微微一笑很倾城的番外帮我播一下,FilmTele-Play
立刻告诉我答案6月18日是阴历多少,TVProgram-Play
上个星期一播出的天天网事给我回放一下,Music-Play
我的话费每月交五十不管打不打都一样收费,Audio-Play
放一下钟汉良在2019年央视春晚上唱歌的视频,Calendar-Query
放岳云鹏孙越的爆笑相声我们不一样听听看,HomeAppliance-Control
关晓彤在2021北京卫视跨年演唱会上的表演视频给我回放一下,Audio-Play
明天早晨要去晨跑，天气大概多少度？,HomeAppliance-Control
我想听戴萌版本的how we do it,Travel-Query
请给我循环播放隔壁老樊的中文歌世本常态。,Calendar-Query
谁对谁错每个看到事实的人心中都有一杆秤,FilmTele-Play
告诉我一下厦门飞往伦敦的航班明天有票不,Alarm-Update
上个月的26号体育赛事帮我回放下吧,Calendar-Query
狼殿下请播放最新更新的几集,TVProgram-Play
帮我创建个下周上午10点多开始双十二预热活动的闹钟。,Other
我侄女想看公共卫视昨天播放过的战魂,FilmTele-Play
星期一是几号呢,HomeAppliance-Control
将客厅灯光调为温馨模式好么,Radio-Listen
闫妮叫自己的粉丝为娃很多场合她都会说感谢闫帮的娃对我的支持,Alarm-Update
陶虹顺产千金取名徐小宝老公徐峥傻笑图,FilmTele-Play
请不要在5月20号提醒我去找我朋友玩,Music-Play
近日徐帆在接受探班记者采访时对于丈夫的赞美照单全收,Travel-Query
查一下这月雄安风从哪刮来的,FilmTele-Play
我们一起听毛不易的消愁吧,TVProgram-Play
好冷，帮我把空调的温度调高一点,Alarm-Update
戏曲频道8点38生活早参考-特别节目查找出来播放一下,Music-Play
你赶快查下星期四是哪天呢,Video-Play
CSGO比赛的视频播一下,Travel-Query
放一下2020年春晚韩雪的小品爱在路上等会听,Calendar-Query
你能给我播放18年电影西红柿首富吗,FilmTele-Play
帮我找下有没有关于北京的纪录片,Radio-Listen
给小朋友们放一个北京文艺广播的开心茶馆,Travel-Query
能帮我新增一个周六晚上23点的闹铃吗,FilmTele-Play
张黎答保守期望收回成本票房最好多多益善,Alarm-Update
请接着给我续播著名小说包法利夫人的第三章英文版的,Alarm-Update
一个小时后关闭厨房的灯,Other
调频收听孙畅的新闻天天谈,Music-Play
我想看湖南卫视青春剧场的刘诗诗主演的亲爱的自己,TVProgram-Play
催眠的歌曲给我随机来几首,Radio-Listen
我要查1月1日去西安的火车票。,Weather-Query
立即查一下阴历的几月几号是8月4日啊,Radio-Listen
周六下午2点半送孩子上钢琴课的备忘录设定一下。,Weather-Query
帮我把空调设置为制冷模式好吗,Music-Play
本报讯记者康沛郭延冰前晚光线娱乐大典在人大如论讲堂举行,FilmTele-Play
帮我记一下5月30号下午2点去买水果,Calendar-Query
明天5:15不要忘了提醒我给我哥发微信,Travel-Query
下周三到周五宁波那边有雨吗,TVProgram-Play
赶快查下星期二是多少号呢,Other
关掉扫地机器人，让它停止工作,Video-Play
我现在想新增一个1月27号凌晨三点的闹钟,Radio-Listen
悬崖之上是谁唱的视频播放一下,HomeAppliance-Control
只是不知道今年老赵还能为大家的年夜饭端上一盘啥菜,Music-Play
定一个周三下午5点教室打扫的提醒。,FilmTele-Play
创建一个25号买飞机票的日程,Weather-Query
抽烟机关了，帮我开一下，我要用,FilmTele-Play
请给我续播德国小说阴谋与爱情的第三章德语版的,Audio-Play
想喝皮蛋瘦肉粥了，帮我切换到电饭煲的煮粥模式好吗,HomeAppliance-Control
你可真行昨天又买了几件衣服,Video-Play
放麦琪的礼物这部小说的英文版来给我们听一下,Audio-Play
想听专辑了，就听我的世界守则吧，王一博的,Calendar-Query
帮我看看5月4日是阴历多少,Video-Play
你能给我来一部去年的电视剧燕云台吗,Video-Play
找出5.31日23点30播出的动漫,Travel-Query
周末句容不会有暴风雪吧,FilmTele-Play
回放一下早上9点28播放的绝密使命第三集,Radio-Listen
你几号的飞机票回去来着,FilmTele-Play
查询CA四幺零幺和CA四幺幺三的状态,Radio-Listen
放一首小提琴曲梁祝,Audio-Play
能播放一下唐嫣和钟汉良的何以笙箫默吗,Video-Play
帮我把空调温度调到18度好不好呀,Audio-Play
还有一个星期就元旦了,Radio-Listen
喵多哩新剧场是不是在10点就结束了帮我看下,FilmTele-Play
现在股市这样我又不舍得放也不敢再入市,Alarm-Update
播放河北音乐广播依然动听,FilmTele-Play
凄美悬疑又带点喜剧色彩的文艺片如梦将由香港大导罗卓瑶掌镜,Alarm-Update
我附近有自动取款机吗,Calendar-Query
你做的事情很杂像个社会活动家,Alarm-Update
陈楚生与天娱官司缠身,Weather-Query
一分钱太有名了为此潘振声有了一分钱爷爷这个雅号,HomeAppliance-Control
二有背景的妖怪都被救走,Video-Play
麻烦问一下清明节是什么时候,HomeAppliance-Control
在4月10号记得提醒我缴宽带费,HomeAppliance-Control
巴彦淖尔交通广播正在播放的家有儿女节目快帮我放一下,TVProgram-Play
我要听俄语版的哈姆莱特,Calendar-Query
把冰箱的制冷模式打开吧,Radio-Listen
能来一个频率是九四点七的经典947吗,Music-Play
招行网银怎么买理财产品,HomeAppliance-Control
帮我打开客厅的灯怎么样,Video-Play
林熙蕾他的戏比较阳刚但女演员也是必要的,Calendar-Query
提醒我20号上午做美容,Video-Play
之后将是历时一年的拍摄期,Radio-Listen
帮我查一查广州明天的温度是多少。,Other
立刻让我知道今天有焦作始发的大巴吗,Video-Play
听会儿宁鹏的I到黎明时在FM95点5,Audio-Play
阿拉伯语的治愈歌曲来一首呢,Radio-Listen
我想问一下昨天是几号,Radio-Listen
好歹可以让歌迷们用来暂时解一下难耐的饥渴,Other
帮我查下我老婆现在在哪里,Weather-Query
我现在想听体育类的广播，给我调到南京体育广播,Other
给我播放一下公共台的中医养生堂,Calendar-Query
播放一下CCTV1生活提示的上期回放,Alarm-Update
2021年龚俊唱歌的视频找一个出来,Other
帮我查询一下十点到上海的机票还有吗,FilmTele-Play
黑色幽默引发理性思考贾樟柯微博说火车快开最配王宝强,FilmTele-Play
帮我我找到陕西戏曲广播按时间顺序播放里面的花鼓戏节目,Other
设置每天7点半的闹铃备注点电子运维,Music-Play
把唐嫣主演的锦绣未央放一下,Music-Play
播放广播剧全球高考,FilmTele-Play
感谢分享生活有你更精彩,FilmTele-Play
制定个明天上午8点看妇产科医生的闹钟。,Alarm-Update
我想听九三点九的江浦人民广播电台,Other
再定一个10点05的闹钟,Other
生日快乐 从第一个挨个儿放,TVProgram-Play
最近一周重庆会有大风出现吗,HomeAppliance-Control
按顺序播放动漫唯我独尊的全部35集,HomeAppliance-Control
给我播放下贾玲和张小斐拍摄你好李焕英的现场花絮,Weather-Query
三国演义能继续看吗,Video-Play
昨天的足球甲级联赛运动员采访视频有吗,Music-Play
接着给我续播小时代原著书里的第二十集,Calendar-Query
我想看一下广西二手车信息,HomeAppliance-Control
有声小说第一序列播放一下,Weather-Query
高以翔和焦俊艳演的那个遇见王沥川我想看看,Other
医师资格考试报名网址,FilmTele-Play
帮我改一下9号上午备忘录,Travel-Query
查询一下去牡丹江的机票还有几张,FilmTele-Play
频率是一零一点七的动感101听一下吧,FilmTele-Play
石景山区鲁谷村小区房价,Radio-Listen
打开江苏教育，想看下江南文脉了解江南文化,HomeAppliance-Control
不要开启周一到周三的闹铃,HomeAppliance-Control
明天你要提醒我烧香,FilmTele-Play
我想看新闻频道的法制在线帮我回放一下往期视频,TVProgram-Play
找一下最近的咖啡店怎么走,FilmTele-Play
帮我播放一下爱在星空下麻烦放一下,TVProgram-Play
给我放一下2020年山东春晚小品想说爱你不容易听一下,Other
帮我播个剧让我听懂你的语言,Travel-Query
四夜奇谭点击破二一亿开创网络电影元年图,TVProgram-Play
找一下乡野下饭魂纪录片吃饭可以看,Travel-Query
揭秘黄奕霍思燕三角情债娱乐圈女星恩怨不休,Video-Play
放一个猴子捞月亮的故事给我听吧,Alarm-Update
扫地机器人现在关机吧，我想安静一会,Radio-Listen
沈阳近期有雨吗,Video-Play
闹钟设成工作日早上六点起床,Other
播放一个文彩元主演的电视剧的介绍视频,Weather-Query
听听安徽人民广播帮我拨一下95点5,Travel-Query
不走高速去昆明怎么走啊,Calendar-Query
下面开始循环播放红鞋这个故事,Video-Play
冰箱冷藏室温度再降两度行不行呀,FilmTele-Play
卧室空调调成28度行不行嘛,Weather-Query
帮我转到今天晚上六点的广西天气预报,Radio-Listen
请帮忙将7月10号的提醒修改为下午2点提醒,Audio-Play
播放50年代的摇滚乐曲,Alarm-Update
德语歌随便给我唱一首吧,Audio-Play
朱丹讳疾忌医家中挨腹痛,Weather-Query
最快到达公司的路线是哪条呢,FilmTele-Play
好久都没有听花粥创作的盗将行了，播放一下哦,Music-Play
晚上外面湿度越来越高，能下大雨不,FilmTele-Play
陈凯歌是电影导师张艺谋激发创作欲,Radio-Listen
找到五十年代的草原之夜然后播放,Radio-Listen
总之他们对的批评一直都没停下来过,Calendar-Query
查下这雨下多久啊,Weather-Query
我可以看看明天海淀的气温指数吗,Weather-Query
在电视剧频道播出的小舍得帮我回放一下,Alarm-Update
明天早上10点40建立备忘录我买杯子,Audio-Play
单曲循环一首英文歌曲吧,Alarm-Update
给我播放2021中国女子足球锦标赛,HomeAppliance-Control
独特内涵受品牌青睐亲民代言受拥护,FilmTele-Play
上星期五的电影频道放的什么帮我倒退一下,FilmTele-Play
播一下晚上22点更新的理想照耀中国的拍摄花絮,Music-Play
立刻找出来Inspiron 灵越 15 Plus的测评视频,Music-Play
找到city party zone电台节目就晚上11点开始的那个,Video-Play
能否帮我把冰箱冷藏室调到4度呢,Radio-Listen
帮我打开南昌新闻综合的每日新闻,Weather-Query
查询明天成都气温如何,Radio-Listen
我想看CCTV1星光大道的上一期节目,FilmTele-Play
希望可以成为你的朋友,Other
能不能帮我建一个3月2号去上班的提醒,Audio-Play
2013年的唐山大地震电影有吗想看下,Alarm-Update
快查下17点有邢台市始发的长途大巴不,FilmTele-Play
我回家了现在上火车了有事联系我我手机不变,Radio-Listen
在这个意义上弗兰科似乎生活在一个拓展了的公众青春期,Radio-Listen
找一个科比的篮球比赛视频来看,Travel-Query
我想马上就收听FM107.8的怀旧好声音电台,Video-Play
记录明天海南气温差,HomeAppliance-Control
给小孩播骆宾王的咏鹅,Calendar-Query
2021年都市爱情电视剧你是我的城池营垒的幕后故事播放一下,FilmTele-Play
要流量还是要这个收费的呀,Weather-Query
查询明天大连紫外线会偏高吗,HomeAppliance-Control
经纪人账号被盗用多位艺人资料疑遭外泄,Travel-Query
大声告诉我农历的九月初八和农历九月初九哪天是重阳节呢,Radio-Listen
我想去拉萨帮我看看还有没有机票,Travel-Query
搜索一下少儿频道昨天下午播出的节目,Other
作者是淮上的广播剧播放一个给我,Video-Play
CCTV7正在直播的炮神40/40帮我切换一下,Weather-Query
快大声让我知道1月12日是星期一还是星期四呢,Travel-Query
播放乔家大院的有声小说,Video-Play
上个星期一的有个台播的天天网事给我打开下,Video-Play
张国强透露为了把儿子和女友都照顾到他一年只接两三部戏,Weather-Query
暂时关闭自动报警系统,Video-Play
播个2008年之前的偶像剧,Music-Play
帮我打开一个百度的网页,HomeAppliance-Control
华商报大家都非常关心你你现在的状况怎么样了,Radio-Listen
在音乐之声找一个楚悦主持的音乐节目,Music-Play
二零零四雅典世界大同,Audio-Play
短信营业厅当月话费查询是不是手机固话费用,Other
继续播惊悚网文绝望教室的第三章,Video-Play
想让空气流通下，帮我把浴霸切换到换气模式,Video-Play
原来黄海波也迷灰太狼拍照之后他还央求摄影老师给他也传张照片,Alarm-Update
电视音量设置为最小可以吗,Music-Play
找个今天的八卦娱乐视频放来看看,Alarm-Update
我现在想听莫言的红高粱第二章,Weather-Query
校园类的广播剧随便播放一个,HomeAppliance-Control
有声的紫襟说的灵异的小说帮我播一下,Music-Play
B站上的哔计划的相关视频快点给我播放,Alarm-Update
唐国强夫人不可能拿灾区人民的钱,Video-Play
播一段鲁迅的经典作品来听,Radio-Listen
几月几号是开斋节,Video-Play
我就想把空调开到二十二度,TVProgram-Play
这位导演正在考虑要不要接受霍比特人剧组的邀请,Music-Play
生活家第17集电视正播呢帮我调一下吧,Music-Play
查查明天是什么节日吗,Calendar-Query
FM969东营生活广播的节目快点儿帮我放一下,Audio-Play
空调太高温度调低点儿,Weather-Query
有去年上的喜剧类电影嘛，播放一个吧,Alarm-Update
帮我调到新闻综合我想看看三农时空,Music-Play
给我放白雪公主的故事来听英文版的,Radio-Listen
记得大后天早上八点叫我接电话,Weather-Query
能不能告诉我明天海淀气温指数怎么样,TVProgram-Play
天气好热啊，打开中央空调吧,TVProgram-Play
查几部B站的高分纪录片来看看,Radio-Listen
十年不算什么二十年三十年后再论成败,Alarm-Update
星期几是腊八节,TVProgram-Play
我想你给我收听频率是九三点九的广东人民广播电台音乐台,Other
这样吧你把具体的地址给我,Music-Play
查下告诉我济南发往潍坊的大巴明天有没有票,Alarm-Update
放千里共良宵就是中国之声的,Calendar-Query
林俊杰的歌曲MV帮我搜索一下,Weather-Query
徐小明获聘任客座教授将宝贵知识传授新传媒人,Weather-Query
收听浙江广播电台的职场江湖,Travel-Query
请播放日本推理小说向日葵不开的夏天,Video-Play
再有五分钟我就要收听FM95.8的山西经济广播,Alarm-Update
放一个赵本山的小品给我听,Radio-Listen
明天海淀还是雷雨天气吗,Radio-Listen
我需要你播放音乐类的湖北人民广播电台交通音乐台,TVProgram-Play
有最热门的科幻动漫吧随机播放一个吧,Travel-Query
请播小E的月半小夜电台,Alarm-Update
她表示自己今年拍了两部戏都拒绝使用一次性筷子以贯彻环保理念,Video-Play
新浪娱乐你说这个让我想到尔东升,Alarm-Update
太安静了，帮我打开电视机,FilmTele-Play
对于自己的此次转型胡军也觉得他真的太完美了,Radio-Listen
石家庄今天晚上会有暴雨吗,HomeAppliance-Control
我想知道石家庄到北京有没有机票,Radio-Listen
我需要你告诉我温州开往北京的高铁今天有票吗,HomeAppliance-Control
收听频率是八七点七的孝感电台交通音乐台可以吗,Travel-Query
速度查一下沈阳飞烟台的飞机起飞了吗,Calendar-Query
橙意购开始了吗帮我打开娱乐看看吧,Radio-Listen
李荣浩李白播放一下呗,Video-Play
不是开了个研究所就代表科学和权威了,HomeAppliance-Control
明天青岛可能会下雨吗,FilmTele-Play
播放连丽如讲的东汉演义,Radio-Listen
我要听九十点零的常州人民广播电台,Radio-Listen
放德语版的很恐怖的那个小说三口棺材,HomeAppliance-Control
播放玛格丽特米切尔的小说飘,TVProgram-Play
是不是厦门飞天津的飞机已经起飞了,Calendar-Query
请续播阴谋与爱情的第五章小说,Travel-Query
添一个1:40喊我去打点滴的提醒,Weather-Query
广西都市4月21日上午八点播放的是什么节目我想看下,Calendar-Query
播一下全民目击这部小说给我听一下,HomeAppliance-Control
美国奇幻电影除了哈利波特，播放什么都可以,Travel-Query
星期几是月亮节,Travel-Query
明天是不是多云,Radio-Listen
我不是很清楚他家里的事不过大部分男人都喜欢打游戏啦,HomeAppliance-Control
快给我播登幽州台歌这首诗,Calendar-Query
你的空调风速能不能变小,Radio-Listen
王力宏火力全开里的歌曲随机来一首可以不,Calendar-Query
能不能不要每天10点提醒我了,Alarm-Update
快乐与痛苦并存的意义,Music-Play
可以帮我回放今早七点的西安新闻吗我想看下,Travel-Query
麻烦播放一首梁静茹的可惜不是你。,TVProgram-Play
CCTV3综艺频道综艺喜乐汇-2020-281帮我查询一下,TVProgram-Play
七夕那天是在几月,Music-Play
二保罗史密斯马克西莫公园乐队,Calendar-Query
小孩要听一去二三里这首诗,Travel-Query
帮我弟弟循环播放一个儿歌歌曲MV,Video-Play
你知道虎牙直播和斗鱼直播要合并的消息吗,Alarm-Update
我要求你快点查一下星期一是哪天啊,Music-Play
福彩双色球第二十二期号码多少多谢,HomeAppliance-Control
请记住在5月6号通知我打消费者热线投诉,FilmTele-Play
设定一个上午10点去看房的闹钟,Weather-Query
明天早上收拾东西这个备忘录你帮我建好了吗,FilmTele-Play
帮我调到河南新闻看看今天的整点新闻节放了没,Alarm-Update
播放一下张鹤伦讲过的相声,Other
请给我放一下俄语版的大林和小林,Weather-Query
帮我打开生活台，我想看下今天下午播放些什么,Video-Play
请查下青年节是几月几号,Alarm-Update
有关于中国女排成长史的纪录片么播放一下,Other
播放广州人名广播电台风云962,Weather-Query
给我放俄语版的沼泽王的女儿等会开车路上听,Music-Play
请帮我播放海峡之声广播电台 频率是九零点六,Weather-Query
调到经济之声的新闻节目天下财经吧,Music-Play
我想来一首听毛不易的消愁。,Alarm-Update
电视上正在直播呢世界斯诺克锦标赛切换一下,Radio-Listen
制定个周日上午8点打高尔夫球的闹铃。,Travel-Query
姐姐大玉在吗我想她啦跟她聊会儿天嘿嘿,Radio-Listen
赶紧告诉我明天有飞石家庄的飞机吗,HomeAppliance-Control
可不可以把冰箱变温抽屉开到果蔬档呢,Other
播放一首薛之谦的哑巴。,Travel-Query
但原来在制作方面高清直播也与平日的直播不同,Video-Play
下个月是几月份,Radio-Listen
明天合肥会下冰雹吗,Video-Play
明天早上七点十分你还得起床上学了,Radio-Listen
查一下4月3日是星期几,Radio-Listen
泰戈尔飞鸟集里的诗我想听，英文版的,Alarm-Update
潇湘晨报是受众群让你放弃电视剧,Other
而更多精彩内容留待您自己观赏,Radio-Listen
设置一个16号下午2点去开会的闹钟,Radio-Listen
兰州有雨吗,FilmTele-Play
给我循环播放那个动漫哪吒闹海,Other
将间隔50分钟提醒我一次改为间隔2小时,Calendar-Query
能不能打开人体传感器了,FilmTele-Play
续播烽火戏诸侯的连载的小说天神下凡的第五章来听,Video-Play
继续收听王思元的电影解说,HomeAppliance-Control
想听宋祖英的民歌映山红了,Alarm-Update
电话费很贵你知道吗以后发信息好吗求你了,TVProgram-Play
就是林万成主持的神州之声放一下吧,FilmTele-Play
明天下午四点经济有财经新闻吗帮我看下,Radio-Listen
帮我回放下吉林综艺今天的凌晨剧场,Other
12点的新闻30分正在直播中,HomeAppliance-Control
海南穿衣指数多少,Alarm-Update
来一个频率是八九点一的中国之声,Alarm-Update
唐伯虎点秋香这部由周星驰和巩俐主演的电影麻烦播放。,HomeAppliance-Control
帮我查下珠海开往佛山的普快出发了吗,Music-Play
到融创茂业的路有几条啊,Alarm-Update
过去很多剧集塑造的小三形象都是妖艳的女人,Alarm-Update
邢台明天是晴天吗,FilmTele-Play
原色专辑前戏立刻播放呢,TVProgram-Play
武当山市下明天武当山市下雨天吗,Other
请帮我播放5月23日NBA比赛的现场情况,Weather-Query
我的红太狼你在干嘛呢,Calendar-Query
傅欣瑶在中国新歌声唱的消失的音乐视频还能找到吗,Weather-Query
江苏卫视2017年跨年演唱会薛之谦唱演员的视频,Audio-Play
有没有张译的谍战片看看,Video-Play
播放我最喜欢的明星李易峰唱的剑伤。,Calendar-Query
11月25号是农历的什么时候,HomeAppliance-Control
现场仅有寥寥粉丝前来为偶像接驾,Radio-Listen
提醒我周二下午去学校开家长会。,TVProgram-Play
把明天下午3点45分去看装修屋子的闹钟设定好。,Weather-Query
刘雨欣那个直播卖鸡的视频还能找得到吗,TVProgram-Play
古典音乐是不是能随机来一首啊,FilmTele-Play
播放一下王一博的专辑FIRE,TVProgram-Play
给我放一下有翡的广播剧,TVProgram-Play
嗯晚安赶紧休息吧外面一定很冷快钻被窝吧,FilmTele-Play
小学生四百米八百米接力赛最快速度,HomeAppliance-Control
找下今天电视上放的新闻360节目,Weather-Query
台湾爱情剧超级喜欢看，就放王子变青蛙吧,Video-Play
现在将电扇灯开一下吧,Calendar-Query
可以说下冷藏室现在温度是多少吗,Radio-Listen
给我放一下5月19日的绝地求生2021pcl春季赛赛程,Audio-Play
我需要看一个孙俪主演的清宫剧呢,Video-Play
随便来一个90年代林心如的电视剧吧,Travel-Query
当然也有着大生活里大顺贸易公司背着地图讲路线报摊老板的幽默,Alarm-Update
奥斯卡影后玛丽昂歌迪亚将假胸贴到头上图,Radio-Listen
把今天晚上8点给手机系统升级的安排帮我定一下。,Weather-Query
转眼二零零八年已经进入流火八月离奥运开幕也仅有五天时间,Weather-Query
我不跟你聊天了我要睡觉了,Audio-Play
银行休假日是几月几号,Audio-Play
回放在中央5套播出的欧洲篮球联赛,Video-Play
播一下送春这首古诗吧,Travel-Query
明天上午十点开会我这就睡了,Music-Play
麻烦给我播放岳云鹏的单口相声听听,Video-Play
看一下山东少儿的熊出没怪兽计划,Calendar-Query
找几个2020年的NBA比赛视频来看,Music-Play
财经类的那个大连财经能播放吗,Audio-Play
我想知道陕西现在空气质量怎么样。,Alarm-Update
需要你播一个沈腾的喜剧电影呢,Video-Play
你为自己活着不是为别人活着,Calendar-Query
每一个微笑都让我沉醉,Music-Play
快点我想知道清远始发的高铁是19点的吗,Radio-Listen
请播放钢琴奏鸣曲,Video-Play
查看5月20安徽卫视的节目表,Video-Play
新专辑单曲已经在网上热播了一段时间得到的反馈好评如潮,Other
看李咏这么直率大家来了劲儿赶紧让他评价一下央视的同事们,FilmTele-Play
说一下明天有日照来的特快的吗,Calendar-Query
来一首热血的日语歌吧,Video-Play
搜索一下北京新闻广播的大城小事这个电台,FilmTele-Play
5月23日下午3点的kpl春季赛赛程给我回放一下,Audio-Play
调大一点风速 主卧空调的,Alarm-Update
播放赵本山范伟的经典小品功夫来听,Radio-Listen
青岛湿度如何,Weather-Query
如今小龙女吴卓林已经一零岁在上海浦东的一所贵族学校读书,Music-Play
给我找一下美国电影梦幻岛的预告片,Video-Play
快乐男声还有在经济频道播放吗帮我看下,HomeAppliance-Control
我想听英文版的普罗米修斯的故事,Travel-Query
速度点儿开始播放蛋糕姐姐的不是不想,Alarm-Update
收听一下频率是九一点四的蜜嗓电台,Audio-Play
给我找宫廷剧武则天看看,Radio-Listen
舟山群岛今天天气如何,HomeAppliance-Control
那就帮我定一个后天上午9点23分参加跳远比赛的闹钟。,Music-Play
姜广涛配音的纪录片帮我找一下,Travel-Query
今天可以试试电饭煲的米饭香甜煮功能不,Audio-Play
我没看到帮我倒退到星期一的音乐频道,FilmTele-Play
你啥时候实习到哪儿实习,FilmTele-Play
我想听故事夸父追日,Radio-Listen
广东资源综合利用协会,Music-Play
麻烦给我播放路知行配音的广播剧,Music-Play
请现在告诉我到遵义走高速怎么走,FilmTele-Play
立刻找出来华为MatePad Pro的测评视频,Alarm-Update
给我播放2012年刘翔参加钻石联赛上海站的视频,TVProgram-Play
可以将洗衣机开启节能模式吗,Music-Play
查找国产动漫刺客伍六七,Travel-Query
婷婷则说按排位来讲他是我最好的男性朋友,Radio-Listen
长沙明天天会晴吗,FilmTele-Play
放一个频率是一零零点一的山东电台综合频道,Audio-Play
另类谋女郎做客非常网络现场,TVProgram-Play
老子说句话你听不懂啊,FilmTele-Play
查询未来一周昆明天气,Alarm-Update
讲一下三个和尚的故事,Travel-Query
南宁梦之岛SONY的PS三千版的PSP好些的要好多钱,Calendar-Query
还没有已有消息我通知你,Travel-Query
调频收听郑磊的新闻天天谈,Radio-Listen
中国的阴历8月15是什么节日呢,Video-Play
景甜做客美丽俏佳人美容大王大谈护肤经,Music-Play
怎样判断双子座男生在图新鲜还是真花心,Calendar-Query
还有7点鹤壁到南坪的汽车票吗,Calendar-Query
周传雄不安的灵魂可以单曲给我循环下去吗,Calendar-Query
播放零零七里面的歌曲，要随机播放,Audio-Play
收听一下FM107.1的华艺广播,Travel-Query
有没有介绍日本地理的纪录片，播来看看,Video-Play
你是圣人我无法爱你到你梦想的天国去吧,TVProgram-Play
你能给我播放一个日本2006年上线的恐怖片吗,FilmTele-Play
我说了，把空调调成十六度,FilmTele-Play
我觉得还是查一下后天到北京的飞机吧,Calendar-Query
白若溪郭泽禹代表女生班迎战,FilmTele-Play
把我把挂烫机打开。,Audio-Play
明天晚上6点炖排骨的提醒帮我设一下。,HomeAppliance-Control
我觉得人不能总做那些常规的事,Travel-Query
平心而论今年的专辑绝对不比去年的差只能说生不逢时,Calendar-Query
一分钟后再把电熨斗的温度调低一档。,Alarm-Update
我想再看一下5月15零点播报的调查显示疫情期间人们日均多睡10分钟这个新闻视频,Calendar-Query
给我播放阿飞今年讲解游戏的系列视频吧,Audio-Play
我特别特别特别特别的想安静,Radio-Listen
请查晚上20点飞往巴黎的飞机哦,FilmTele-Play
找一首笙演奏的歌曲听听,Other
小点小点空调风速小点儿,Alarm-Update
单曲循环一下薛之谦的演员,Calendar-Query
我想看广东体育的体育赛事帮我找一下,HomeAppliance-Control
创建周日上午9点去购物的日程,Audio-Play
请续播法语版的小说贵族之家第十章,FilmTele-Play
那请你帮我设定10号早上5点去赶海的闹钟。,Radio-Listen
还有利刃出鞘那种美国的推理片能播给我吗,Alarm-Update
查找10月15日是星期几,Music-Play
打开电视在周四凌晨播放的健康堂,Weather-Query
赶快的告诉我九月一日和九月十日哪个是教师节,Radio-Listen
我要看法国小提琴家蒂博现场演奏的小提琴曲,Music-Play
看王志文演的天道,Weather-Query
频率是九一点四的广东卫星广播给我收听一下呢,FilmTele-Play
能否帮我看看今天广西公共活力剧场有什么,Video-Play
听听2021年央视春晚相声年三十的歌,Radio-Listen
后天应该穿什么衣服出去,Calendar-Query
锋芝闹婚变身为谢霆锋母亲的狄波拉拉姑心情当然也很差,Radio-Listen
安徽卫视正在播放创业中国人吗帮我看下,Music-Play
厦门市电脑应用与维修高级师傅招学徒的电话,Weather-Query
传染病叫好不叫座新片表现不佳,FilmTele-Play
接着上次的恐怖小说诡域档案继续播放第五章,Weather-Query
我想知道大后天是个什么节日,Weather-Query
经济萧条的年代人们都变得脆弱了怀旧了不愿折腾了懂得珍惜了吗,Video-Play
想看有湖南经济的经济新闻,Music-Play
每周一的那个提醒改成每周二提醒,Video-Play
给放明月照我心的大结局啊,Alarm-Update
电视上今天演小猪佩奇了吗播给我女儿看,FilmTele-Play
是不是能来一个去年出来的悬疑剧或者犯罪片啊,Video-Play
随便来一首郎朗的钢琴曲呗,Weather-Query
小灵通拨打多少号码打长途优惠,FilmTele-Play
帮我找一个漂亮的姑娘看看,Audio-Play
马上建一个9号去东大桥的提醒,Music-Play
8号淮南到苏州的高铁票还有不,HomeAppliance-Control
去浦东新区怎么坐车,FilmTele-Play
从广州到南阳的EMS需要多少天,Weather-Query
帮我播放张信哲的过火,Other
西二的脸红可以播放一下不,Video-Play
帮我把取暖器温度调高两度行嘛,Weather-Query
2021年的玄幻剧玉龙现在可以播放一下不,Travel-Query
马上关了空调,Radio-Listen
我现在要听陈忠实的白鹿原原著,Music-Play
回放一下3点17播出的艺览天下-2021-19,Travel-Query
电热毯温度太高了帮我调低一点,Radio-Listen
看看星期4是什么节日呢,Alarm-Update
中国传统节日重阳节是农历多少号啊,Video-Play
郭德纲的单口相声给我放一下,Weather-Query
当然他们并不只冲着阎教授一个人,Weather-Query
不得不说郭亮的郭亮直通车讲的很好，这个也在上海交通广播里，快搜吧,Radio-Listen
登记最近一周内蒙古的气温情况,HomeAppliance-Control
看看广州去肇庆的客车是几点的呀,HomeAppliance-Control
帮我播一下阿春和天空合作的广播剧,HomeAppliance-Control
成龙2018年的专辑我还是成龙里的物是人非播放呢,Radio-Listen
明天是不是阳光明媚，能去钓鱼,TVProgram-Play
收听频率是一零三点零的南通经济广播电台,HomeAppliance-Control
请给我找路我要去广州市,TVProgram-Play
香港的电视剧失忆24小时拍摄花絮播放出来,Music-Play
想看寰宇地理，帮我打开科教健康吧,Travel-Query
难道伤心是你给我的温柔,TVProgram-Play
虽贵为富家子弟但为了女友也不在乎,Video-Play
晚上几点钟睡觉比较好,Video-Play
三农进行时是不是在六点零五分开始播放,Music-Play
我能继续观看一下上次那个喜剧吗,FilmTele-Play
给我看看后天广州可以穿什么,Calendar-Query
帮我切换到正在CCTV1频道播放的朝闻天下,FilmTele-Play
讲修仙的广播剧播放一个吧,Radio-Listen
查一下明天南京空气质量怎么样,Other
李易峰还有杨幂一起演的古剑奇谭现在播放下呢,FilmTele-Play
有声小说乔家的儿女给我播一下,Travel-Query
找一下每周三，11点更新的国产动漫,Radio-Listen
小心啊打雷喽下雨收衣服啊,Other
有声小说赘婿给我播一下,Radio-Listen
打开电视切换到河北卫视,FilmTele-Play
查一下订1张明天12点去北京的D7一等座,Music-Play
我想听薛之谦的丑八怪,HomeAppliance-Control
帮我打开摄像头好吗,Music-Play
下午5点不要提醒我搬砖,Alarm-Update
请放一下下午两点的广东卫视的节目,Video-Play
是否可以来一首郎朗的钢琴曲,Calendar-Query
评论家谈汤唯复出拍月满轩尼诗掉身价,Radio-Listen
明天三点半有个画展,HomeAppliance-Control
二零一零年五月明星微博日报往日回顾,Travel-Query
现在给我放一下托尔斯泰的复活法语版的,Radio-Listen
给小朋友放春晓这首诗,Calendar-Query
陈伟霆天价接情侣秀与阿拍拖有财路,Calendar-Query
空调风速调大一点调至三四十,Music-Play
随机播放一个张杰的歌曲可以不,Other
山东潍坊医药集团公司安丘公司医疗批发部,Radio-Listen
查一下到胃塘镇有多少远,FilmTele-Play
我想把蒸烤箱切换到热风烧烤模式行不行呢,Radio-Listen
今天的经济频道都有些什么节目我想看下,Alarm-Update
重复收听镭镭主持的雷磊蕾镭,Radio-Listen
你到底有没有男朋友呀,Music-Play
我想看精华版的忘记你记得爱情,Travel-Query
房间里很闷热，把风扇的通风模式打开,Video-Play
请问对于姓名笔画数相同是否纯属巧合,Audio-Play
立刻播放小风暴之时间的玫瑰这部电影,Weather-Query
帮我放闻天主持的文艺之声,Alarm-Update
找一下周深的我在这挺好的,Other
麻溜的打开最大空调风速,Audio-Play
今天羊肉多儿少钱一斤,FilmTele-Play
回播湖南综合狼烟遍地,FilmTele-Play
能续播一下在看的推理剧吗,Radio-Listen
麻烦打开一下上周五凌晨五点广东卡通播过的卡通动画吧,Travel-Query
找一下吴亦凡赛车比赛的片段,HomeAppliance-Control
麻烦帮我创建一个周末上午10点去补习班的提醒。,Audio-Play
按顺序播放大陆穿越电视剧,Radio-Listen
是不是能找一个比较好看的美剧播放一下呢,TVProgram-Play
因为当年台湾市场对于这种片子的需求量是很大的所以才有得做,Radio-Listen
马上帮我建一个4月2号下午2点召开公司董事会提醒,Video-Play
所以大家竞争不会很激烈算是比较惨淡的一个档期,Radio-Listen
请循环的播放安徒生童话故事,Weather-Query
西安近期有下雨吗,Calendar-Query
今天什么天气,Other
我需要看一部悬疑剧朱莉快逃,Weather-Query
cctv2财经频道经济半小时放一下,Other
多重关卡的设置使得该节目惊险刺激趣味横生,Calendar-Query
天气太干，可不可以把湿度器打开一下,Video-Play
给我循环播一下柳宗元的江雪,Travel-Query
我儿子想看公共的跟我一起跳帮我找出来,FilmTele-Play
阴历9月11是阳历几号,HomeAppliance-Control
在接受访问时有人两度高空淋水好在没有被淋中她估计是恶作剧,Travel-Query
阿牛我都放在怎么凸显我的朋友们的特色,TVProgram-Play
本周的月全食出现在星期几,Music-Play
妻子的浪漫旅行在哪个频道播出帮忙搜搜,Weather-Query
能否播放5月22日的今日西安吗,Travel-Query
战斗类的枕刀歌给我放最新的一集我想看,FilmTele-Play
来一个新加坡拍摄的言情剧吧,Music-Play
让我知道最快去一班三亚去上海的机票还有几张,Other
播放连丽如讲的康熙私访,Travel-Query
帮我把电饭煲开到酸奶模式做草莓酸奶吧,Music-Play
能继续给我听频率是九五点六的开平电台吗,TVProgram-Play
放文学小说百年孤独的日语版,TVProgram-Play
帮我调频到深夜治愈所,Music-Play
而随着亚运会的临近众多演艺明星也都纷纷亮相为亚运喝彩,Music-Play
马上给我查查6点有去广州的特快吗,TVProgram-Play
播放重庆交通广播,Radio-Listen
找章昕和嘉宾主持的城市名人堂,HomeAppliance-Control
快吃晚饭了，帮我把微波炉里的剩饭热热吧,Music-Play
昆明春天气温高吗？,Audio-Play
讲一下小鲤鱼跳龙门这个故事给我听,FilmTele-Play
能把昨天看的言情剧继续播放下吗,Audio-Play
找一下任嘉伦主演的锦衣之下,Video-Play
30秒以后查询星期几是圣诞节,Audio-Play
明天我可以穿大衣去机场吗,TVProgram-Play
天字号密令1点38播出的视频帮我查看一下,Weather-Query
8点开始做运动定闹钟,Video-Play
但刚准备剖腹产还没有麻醉就自己出来了,FilmTele-Play
看看今天天有大连去广州的火车吗,Video-Play
请播放明星类综艺向往的生活,Weather-Query
平原烽火还是在凌晨四点半播放吗？帮我看下,HomeAppliance-Control
放到最大空调风速让我吹吹,HomeAppliance-Control
5月18日城市台有什么节目播放吗？帮我看下,Radio-Listen
你不是说你要睡觉了吗,FilmTele-Play
晚上5点不要通知我给刮胡刀充电,Other
断开电饭煲电源,Music-Play
给我调到幺零五点二的常州经济广播电台,Video-Play
告诉我明天七点香格里拉会刮风吗,FilmTele-Play
请告诉我大连去往深圳的动车是20点的吗,Music-Play
找呼和浩特内蒙古语综合广播的文学欣赏听,Video-Play
北京体育广播的体坛夜话来一个,Calendar-Query
千百年后谁还记得谁韩磊,Music-Play
预约十分钟后开启客厅的空气净化器,FilmTele-Play
如虎扑羊情挑言承旭警告对方别爱自己图,Travel-Query
给我读一本历史小说,Radio-Listen
晚间新闻是七点在云南卫视播出吗我还想看看,Travel-Query
昨天CCTV6播完的大进军-南线大追歼再播一遍,Travel-Query
CCTV8电视剧频道正在直播哪个节目搜索并播放,Video-Play
坚持对我来说就是以刚克刚,Travel-Query
明天是农历的什么时候,Video-Play
台灯有点暗，把亮度调亮些,Music-Play
动漫魔女之旅帮我找一下吧,Travel-Query
天津相声广播欢笑在路上帮我放一下吧,Weather-Query
请在7点的时候叫我去网球,TVProgram-Play
是不是能来一首高人气的古典音乐,Weather-Query
能给我来一个美国电影变形金刚吗,Calendar-Query
下周去上海请帮我查询下周一的天气怎么样？,FilmTele-Play
可以帮我调到河南公共看看幸福密码是不是已经播放了,Video-Play
帮我看看去杭州的商务舱还有几张,Music-Play
西津渡横店顺利杀青演职人员泪洒片场,Weather-Query
我们一起走进市里自此一生携手,Calendar-Query
亮点甄子丹金城武汤唯的金牌阵容已是票房保证,Radio-Listen
12点了看会儿午间新闻吧,Calendar-Query
说一说中国的阴历8月15是什么节日呢,Weather-Query
4月29号的提醒新建一个上午的,Audio-Play
我要听宋小宝的爆笑小品回家,Calendar-Query
明天大同会下雨吗,Alarm-Update
看一下二零一三年的新交通规则,Music-Play
奥秘科普杂志每月多久出版,Other
我想看偶像剧一千零一夜的第二十集,Music-Play
明天沈阳的温度高吗？,TVProgram-Play
40秒后报下上海飞东京的飞机是今天的吗,Other
我要听按图上的一串珍珠这个故事,Music-Play
请播放一下2020年的诱爱入局,Video-Play
把风调成到百分之80风大点儿,FilmTele-Play
立刻找出来RedmiBook Pro 14的测评视频,TVProgram-Play
凤凰传奇的海底是不是可以单曲循环给我呢,Video-Play
非常想走进下一步生孩子,Alarm-Update
播一个紫金陈的推理小说来听,Video-Play
说了江苏卫视就不能不说湖南卫视,Alarm-Update
听一下大海,Music-Play
你还没告诉我你叫什么,Video-Play
回看CCTV2的往期视频一槌定音-2021-19,Alarm-Update
这周五下午四点的勇者胜播放了吗帮我看下,Travel-Query
植树节是星期几,Music-Play
明天四川多地有风吗,Music-Play
我想看单依纯演唱的如此的视频,TVProgram-Play
我怎么样才可以找到你,TVProgram-Play
记录大理紫外线变化,Other
帮我订四个上午11点到上海的火车,FilmTele-Play
帮我查询明天南昌室外温度多少度,Video-Play
美食大探索是在中午十一点四十六分播放吗我想看下,FilmTele-Play
给我讲一下小蝌蚪找妈妈的故事,Weather-Query
能不能订一张今天11点50分飞海口的飞机票,Calendar-Query
1981年的动漫三个和尚给我播放,HomeAppliance-Control
是不是想我想睡不着呀,Music-Play
收听Mike主持的素人广播,FilmTele-Play
给我来一首2021年的电视剧金曲呢,Alarm-Update
我现在要听著名小说战争与和平俄语版的,Travel-Query
面对尴尬问题林凤娇日前忍不住发火说不要问我,Calendar-Query
梁启超纪念中学有多少个老师他们叫什么名字,Radio-Listen
调到中央广播电台的都市之声,Audio-Play
美国好莱坞的科幻片播放一个可以吗,Travel-Query
今年的万灵节是什么时候,Weather-Query
搜一下这星期五是农历几号吧,HomeAppliance-Control
敦煌哪能买到养鱼的书,Video-Play
今年的几月几号是火把节,Other
请告诉我国庆节是几月几日,Video-Play
帮我把蒸烤箱设置成200度蒸烤模式，我要做烤鸡,Music-Play
17号的湖南新闻联播还能再回放吗帮我看下,Travel-Query
放李白的将进酒来给我听,Video-Play
大兵小将元谋开机成龙演大将怒噼木桩图,Video-Play
在周五放学之后我想观看泰坦尼克号这部爱情电影。,Other
播放一个坐井观天的故事,Weather-Query
87.7孝感电台交通音乐台帮我放一下,FilmTele-Play
你看没看到敲到我的脸呀,Radio-Listen
真事纪事播完接下来是不是美食娱乐面对面,Alarm-Update
单曲循环歌曲白鸽,Weather-Query
刚才是否帮我建了一个9月3号接机的提醒,Video-Play
洗碗机定时二十分钟,HomeAppliance-Control
5月14在中央7套播出的今日说法帮我回放一下,Music-Play
循环放一下王维的少年行,FilmTele-Play
我想收听轻松调频里的音乐放松一下呢,Music-Play
据悉这是陈坤第一次以非演员身份为电影配音,Weather-Query
我要随机听专辑莱芙里面的歌曲,Music-Play
超级想看辣目洋子今年在超新星运动会上表演的艺术体操视频,Alarm-Update
星期几是阔什节,Other
科幻类的有声漫画给我播一个,Travel-Query
2021年马赛克乐队唱歌的视频找一个出来,FilmTele-Play
继续放一下陈思诚那个电影吧,Calendar-Query
佟丽娅张鲁一演的电视剧爱国者顺序播放,Weather-Query
查询未来一周青岛天气状况,Other
宁静的都市之声现在就播放呢,Radio-Listen
上月石家庄空气质量稳定吗,Video-Play
将5月1号下午三点的那个提醒给我删除,TVProgram-Play
电视剧红苹果乐园女主角的真名是什么,Radio-Listen
明天空气质量严重不？,TVProgram-Play
龙海那边有没有下过雾,Radio-Listen
能不能帮我删除3月2号准备上班的提醒,Weather-Query
播放一首2009年的电视剧金曲可以吗,Music-Play
OPPO Reno6 Pro的开箱视频找一下,FilmTele-Play
专门环节向怀恩豪斯致敬,HomeAppliance-Control
演技指数五星龙套指数三星,Radio-Listen
大理的穿衣指数怎么样,FilmTele-Play
泰山最近是晴天吗,Video-Play
随便放一首适合睡觉的钢琴曲,FilmTele-Play
能来一个交通类的北京人民广播电台交通台吗,Travel-Query
周六去杭州最快到达的高铁,Audio-Play
好看的主旋律要有好看的故事更要在故事里包裹一个坚韧精神之核,Calendar-Query
当主持人宣布冠军姓名的时候张元丽甚至以为自己在做梦,FilmTele-Play
麻烦帮我制定后天早上7点30给孩子做早餐的闹钟。,Radio-Listen
二零一三年三月三日七星彩开什么号码,TVProgram-Play
空调温度调到18度好吗,Alarm-Update
我想听唐朝乐队的摇滚,TVProgram-Play
给我查询农历2月12和农历2月13哪天是4月4号呢,Music-Play
续播一下言情小说嫡女惊华的第二十章,HomeAppliance-Control
可不可以把冰箱的冷冻室设置成零下18度呢,FilmTele-Play
给我找一下港片喜剧武状元苏乞儿。,Music-Play
他更表示希望能有机会到上海求学学习中文,Video-Play
至于木村的队友中居正广近日被轰三度连任红白大赛司仪有欠新鲜,Radio-Listen
好像是不是有个综艺叫乘风破浪姐姐给我找下看,Alarm-Update
里的裸戏就让给郭明翔饰演的鬼影了,Video-Play
祝福兄弟情深不少于一百字的信息,Weather-Query
我们21号要去法兰克福机场查一下机票,Radio-Listen
三星I八零九操作系统二点二能升级到二点三吗,Weather-Query
播放这个杀手不太冷这部动作电影。,FilmTele-Play
播放现在正在中央少儿频道播出的动漫世界,Travel-Query
新浪娱乐能简单介绍一下你们的出道专辑吗,Weather-Query
放一首榜单上的夜空中最亮的星专辑世界里的,Travel-Query
调到福建经济广播电台看看在播什么,FilmTele-Play
卫生街十一路路西十米盛福棋牌社,Weather-Query
给我看看最火的动漫魔道祖师,Music-Play
6点进行减肥锻炼设置成闹钟,Video-Play
帮我回放一下昨天的新闻联播,TVProgram-Play
闹钟提醒我周五早起5点15,Other
播一下晚上24点更新的向警予的介绍视频,Radio-Listen
2021年新出歌来一首深情的听一下啊,Travel-Query
我要到东柳大街,Music-Play
频率是一零四点四的山东人民广播电台综合频道给我播放一下可以不,Travel-Query
到点了打开广西卫视看广西新闻,Alarm-Update
在7点59播出的综艺喜乐汇-2021-586回播一下,Alarm-Update
他玩起了太极笑眯眯地说大家拭目以待咯,Other
我爸的车直接从单位去姥姥家了,Video-Play
我目的地是岔河镇找找路,TVProgram-Play
查查昨天的农历究竟是多少,Video-Play
制定后天中午11点多去药房拿药的提醒。,HomeAppliance-Control
请收听北京外语广播的感受北京,Radio-Listen
打错了不是我们学校是我们宿舍,FilmTele-Play
我想听汪苏泷的明天你是否依然爱我,Music-Play
循环播一下故事夏洛特的网这个故事,Calendar-Query
不少网友认为每个人有每个人的活法不应该只盯着人家的好处,Video-Play
给我打开小龙妹呀休息哦现在直播的王者荣耀视频,Weather-Query
查询明天江南气温如何,Alarm-Update
香港那边的喜剧片来一个吧,HomeAppliance-Control
5月26上午播出的兵器面面观-2021-90回放一下,Travel-Query
云南娱乐九点钟到十点钟播放什么节目帮我看下,Music-Play
后天重庆会下雨吗,Travel-Query
山东体育的真相百分之百帮我打开,Weather-Query
是否可以继续播放陈思诚导演的电影呢,HomeAppliance-Control
30号到鸡西的火车票还有吗,Music-Play
放奥尔加.格鲁申的小说四十个房间英文版的,FilmTele-Play
她的心态不介意夺走歌曲的风头,FilmTele-Play
酒泉最近哪些专卖店有打折,Music-Play
打开中央电视体育赛事，看看体育新闻,HomeAppliance-Control
天然气警报器关闭,Radio-Listen
能不能继续收听一下频率是九二点二的河源电台,Audio-Play
我可以听一首2018年的KTV点播最多的歌曲吗,Alarm-Update
今天上午到晚上东莞会不会下雪,HomeAppliance-Control
明天下午1点去医院挂号的行程提醒我一下。,Audio-Play
圆规与尺作正十七边形,FilmTele-Play
给我单曲循环2021最热的轻音乐,Travel-Query
改成明天早上五点半提醒我拿快递,Weather-Query
五分钟后打开游戏机,Travel-Query
我想听一整天的邓紫棋唱的粤语歌。,FilmTele-Play
帮我查看宁波电视台正在直播的栏目,Music-Play
随便播一个王更新讲的历史小说,Calendar-Query
来几首王力宏的比较欢快的音乐呢,FilmTele-Play
是不是能把频率是一零三点三的大连交通收听一下呢,Radio-Listen
世界上总有一个人也在找你,Music-Play
我还没找着自己的扮相,Video-Play
来咱们两个睡觉做个好事,Music-Play
我想知道今晚郑州的风向是从哪到哪,Video-Play
请问五元GPRS流量怎样开通啊,FilmTele-Play
天长地久有时尽此恨绵绵无绝期意思是,HomeAppliance-Control
农历12月11是礼拜几,Travel-Query
拥有你是我最大的骄傲,HomeAppliance-Control
但很多朋友会替我不平,Music-Play
残花落尽何需败柳的含意,Travel-Query
播一下广播剧绝对契合第二集,Alarm-Update
查询看看3月8日有湛江开往茂名的大巴吗,FilmTele-Play
这周日是几号,Audio-Play
星期几是教师节,Alarm-Update
你可以查到纽约明天的温度是多少吗？,Music-Play
回答我中国传统节日元宵节是哪一天啊,Travel-Query
给田宝宝发短信说我到你家门口啦,Other
到六月份的端午节是多少号,FilmTele-Play
杨和苏和福克斯是一个厂牌的，随机播放他们俩的歌。,Weather-Query
帮我找一下最近的餐厅,Music-Play
怎么去最近的加油加气站,Travel-Query
能不能查找9月21日是阴历多少,Weather-Query
明星是否只享受利益不承担责任,FilmTele-Play
从西御街到赛格七的最近公交路线及换乘站台,Radio-Listen
你电话号码可以给我吗,Other
能不能帮我查询一下开往汕头的高铁中秋节有票吗,Calendar-Query
几月几号是燕子节,Weather-Query
我要听掩耳盗铃的故事,Other
她表示父母已为她计划好希望她可以重返校园继续学业,Alarm-Update
我需要看一个黄志忠的悬疑片可以吗或者是谍战的,Alarm-Update
播放推理剧的天道吧,Music-Play
有没有从上海到新千岁机场的飞机,Weather-Query
黑夜升晖之旅巡演在今年全球最为轰动的巡回演出中排名第六,Radio-Listen
速度点儿查询明天上午到北京的航班,Radio-Listen
彭立哭诉沦为通缉犯被捕经历疑为旧爱背债图,FilmTele-Play
给我播放刘亦菲演花木兰的现场花絮,HomeAppliance-Control
是NBA不是WNBA男女不分,Music-Play
四川凉山州的空气湿度是多少。,Radio-Listen
把吹风机的风速调大。,Alarm-Update
除星期天外他每天去上班,FilmTele-Play
续播梦里花落知多少小说的第十三集,FilmTele-Play
他其实就想找个说法证明自己其实也没有什么大错,Other
给我播放一下玄幻小说诛仙,Video-Play
讲个英文版的猫和老鼠的故事,FilmTele-Play
新闻类的荆州电台新闻频道来一个可以吗,TVProgram-Play
下辈子不做女人后一段歌词,Calendar-Query
我刚发了信息让你们帮我找文志社怎么还没回,TVProgram-Play
今天穿短袖去临沂会不会冷,Other
王仁君借央视中秋诗会向全球华人贺节图,Weather-Query
刘兰芳讲的父子侠义传播放一下,Travel-Query
调到河南欢腾购物看看欢腾购物可以吗,Alarm-Update
烈火刀影现在继续播放,Audio-Play
我想听会儿王月主持的I沙发音乐节目,Alarm-Update
今天和明天的闹钟新建一下,Video-Play
后来经过多次练习才达到了理想的效果,FilmTele-Play
那张杰和俞灏明得了多少名,Alarm-Update
找一部郭敬明写的小说放给我听,Video-Play
我想删除手机里面的歌怎么删,FilmTele-Play
我现在就想看大陆女演员迪丽热巴的剧呢,Video-Play
什么时候去学校啊要走的时候打给我,Video-Play
八点钟的合肥都市房产报道要开始了吗帮我看下,Video-Play
赶紧告诉我星期一是几号呢,FilmTele-Play
纪录片大小很重要帮我查询一下,HomeAppliance-Control
现在能把频率调到FM97.6的福州人民广播电台吗,Audio-Play
我想听郭麒麟岳云鹏的经典相声三大才子,Radio-Listen
最近爱丁堡气温高吗,Video-Play
这让很多关注此事的网友都惊叹并不解,Music-Play
请找个曲艺电台正放花鼓戏的,Video-Play
重复播放一下搞笑小说无良王爷恶劣妃帝妃逍遥第二章,Music-Play
什么气体能使品红溶液褪色加热又恢复原色,HomeAppliance-Control
并且我们目前都还不是很清楚状况说离开只是传闻吧,Music-Play
三明各个影院是否有上映电影乐火男孩,FilmTele-Play
播放犯罪心理广播剧第二季,Weather-Query
现在开始循环播放格林童话中的故事好吗,Video-Play
她笑称总会有记者来采访摆孩子照片不方便,Alarm-Update
景向谁依配音的广播剧随便给我播放一个,Weather-Query
昨天到底是星期几,TVProgram-Play
大连近期空气质量稳定吗,Alarm-Update
三点的闹钟去买菜,Travel-Query
能不能查看一下明天到南京的火车有什么时间段的,Weather-Query
我想知道常熟下周末会不会下雨,Other
周三上午八点四十五会下雨吗？,Alarm-Update
刚才说的什么翻译一下嘛,HomeAppliance-Control
那你怎么知道我名字的,TVProgram-Play
今年的泼水节是几月几号,Video-Play
帮我把卧室空调调到26度好吗,FilmTele-Play
播放张惠妹的听海,Video-Play
其后两人被拍到密会男方希望复合但随着女方有新欢二人正式分手,HomeAppliance-Control
对于炒作质疑金巧巧回应道很多事情发生的时间不是我能控制的,FilmTele-Play
立即告诉我UU3881航班还有没有票,Radio-Listen
今天中午的新更新的下厨房综艺给我播一下,Alarm-Update
周六沧州会下雨吗,FilmTele-Play
查查前天的农历是多少,FilmTele-Play
想看主播有情，今天晚上还播吗帮我看下,Video-Play
巨塘二中怎么走啊,HomeAppliance-Control
明天9点至12点的闹钟你已经帮我全部打开了吗,Video-Play
开车去昌平区天龙苑怎么走,Alarm-Update
我想听一会频率是九二点七的楚天广播音乐台呢,HomeAppliance-Control
打开娱乐频道看看正在播出的神龙策2,Music-Play
请记住6点通知我带米酒,Radio-Listen
明天上午8点领取加油卡的闹铃设定一下。,HomeAppliance-Control
给我单曲循环唢呐吹的百鸟朝凤,FilmTele-Play
8月17是星期几,Audio-Play
给小朋友找一个放梁言的体坛夜话节目的频道,Video-Play
想听老妖的古风歌儿了,Music-Play
问她昨天是否不会进书展,FilmTele-Play
想看下今天的江苏城市有什么讲述风土人情的节目,Travel-Query
设置一下28号上午9点去照相,Travel-Query
给我们放一首玩乐里的治愈一点的曲子吧,Music-Play
想听听快乐晚高峰就是CNR文艺之声的,Calendar-Query
2月18日的了NBA2K19全明星赛给我打开吧,Video-Play
放念奴娇.赤壁怀古这首古诗来听,Video-Play
我想看颖儿演的电视剧的第20集,Calendar-Query
为什么不能回答我的问题,Travel-Query
收听频率是一零四点八的苏州经济广播电台,Weather-Query
知青未必都苦情让观众捧腹大笑眼泪成河,TVProgram-Play
查找电影速度与激情9追车那个片段的cut,TVProgram-Play
湖南电影台找下今天的电影。,FilmTele-Play
幸福归来还是零点播放吗我想看看,TVProgram-Play
你帮我定一个二月二十九号下午六点的闹钟,Alarm-Update
给我听一个频率是一零五点六的扬中人民广播电台,Radio-Listen
能播放一首2020年抖音比较火爆的歌曲给我听一下不,Weather-Query
不要只将明天和后天的提醒删除,FilmTele-Play
我要听用俄语讲的渔童这个故事,Alarm-Update
不要删除今天8点的闹铃,Alarm-Update
本周六宁波天晴，紫外线指数是多少,Audio-Play
我要听FM104点3马洁的谈车论道,Music-Play
有没有2号到沈阳北的火车票,TVProgram-Play
放瀑布这首诗来听一下,HomeAppliance-Control
我想听古风版的我的一个道姑朋友,Weather-Query
马上给我报下几月几号是农历的12月9日,Radio-Listen
来几首2011年的电视剧金曲吧,FilmTele-Play
到拉萨应该都乘哪些火车,Radio-Listen
立即播放辰东的修真的网文遮天,Video-Play
安妮海盗和阿诺机长现在有回放可以看吗,Music-Play
续播一下汤姆·索亚历险记的第五章小说,Music-Play
可不可以帮我找下去年4月4日播放的周深演唱的相思的视频,Music-Play
频率是九七点四的珠江经济广播电台收听一下可以吗,HomeAppliance-Control
想收听魏凡的节目song fan,Radio-Listen
今儿下午有雷阵雨吗,Video-Play
甜蜜蜜是70年代的经典歌曲，麻烦播放甜蜜蜜这首歌。,Radio-Listen
播放财经类大连财经吧,Alarm-Update
播一下小说俄语版的战争与和平,Video-Play
电视上体坛快讯的上期节目帮我回放一下,TVProgram-Play
我是学大教育的邹老师,Music-Play
播放周星驰导演的奇幻爱情片美人鱼,Video-Play
新京报范范新专辑的造型比以前性感很多啊超短裙高跟鞋,Video-Play
请给我续播梦魇桃花的第十章节,Alarm-Update
明天早上提醒我出门带工作服别忘了哈,TVProgram-Play
我准备收听FM107.8的怀旧好声音电台,Calendar-Query
你是不能播一下三生三世十里桃花的三十集啊,Travel-Query
大空调风速上调至五十,Alarm-Update
国庆节是周几,FilmTele-Play
平台各地的刘老根大舞台影视剧,Audio-Play
你是否可以在12月29号叫我买重金属？,FilmTele-Play
制定7号下午2点左右跟闺女去买鞋的闹铃。,FilmTele-Play
放一个18年上的喜剧西红柿首富吧,Other
云南新闻联播十点钟就结束了吗我还想看看,Alarm-Update
播报沈阳七点的气温指数,Alarm-Update
搜索一下天龙八部,Weather-Query
2018年古装奇幻电视剧香蜜沉沉烬如霜拍摄花絮播放一下,Radio-Listen
播放王林主持的老年之声,Music-Play
搜索一下离我最近的药店,Alarm-Update
按节目列表顺序放中国戏剧广播里的秦腔节目,Radio-Listen
戏曲女驸马音频有吗放下,FilmTele-Play
南都那今年小小志的生日怎么过的,Video-Play
播放神探夏洛克这一部推理电影。,Travel-Query
你好可以加我吗谢谢了,Radio-Listen
你能帮我看看9月10日和9月9日哪天是星期三,Music-Play
把每天提醒我打卡改成每周一提醒,TVProgram-Play
新还珠观剧指南它骨子里流着无聊的血,Music-Play
18年的电影海王给我播放一下可以吗,Alarm-Update
快查一查到西安的和谐号是几点的呢,Other
请不要在3点提醒我干活了,Video-Play
鸡西宝宝的故事有卖婴儿用品消毒液吗,Radio-Listen
下午5点的闹钟能不能延迟4个小时再响,Weather-Query
台北明天早上的穿衣指数是多少？,TVProgram-Play
给我来一个孙越最经典的相声,Radio-Listen
明天海淀会结冰吗,Alarm-Update
去北京的飞机是几点的啊,Audio-Play
开启十五分钟洗衣模式,Music-Play
找一下每周六，12点更新的国产动漫,FilmTele-Play
瞅瞅大后天是个什么节日,Weather-Query
设置往后8天每天早上9点提醒我淘宝签到,FilmTele-Play
言承旭称与林志玲是好友感情问题回答慢半拍,FilmTele-Play
麻雀这个专辑里的歌按顺序播放一下吧,Travel-Query
创建明天下午5点去买菜的日程,Weather-Query
给我把跑步机打开。,Video-Play
立刻播放一下肖战和王一博演的电视剧的第一集,Video-Play
快点告诉我如何从家去学校啊,FilmTele-Play
3月是农历几月,TVProgram-Play
降下一点儿空调风速,Calendar-Query
打电话给六六三二九八,Radio-Listen
儿童房的空调风速调至6,Alarm-Update
能不能告诉我民谣董小姐是谁演唱的啊,Audio-Play
今年的中元节是星期几,HomeAppliance-Control
空调温度在调低百分之10,Alarm-Update
听听看东野圭谷的推理小说,Radio-Listen
每个月15号提醒我去寺庙祈求平安,Music-Play
中午准备喝排骨玉米汤，帮我把电饭煲切换到煲汤功能吧,Music-Play
给我立刻搜索今天的熊出没,HomeAppliance-Control
是否可以播放韩剧mine给我看看呢,FilmTele-Play
找出5月29日零点30播出的动漫,TVProgram-Play
本报讯记者黄锐海陈楚生与天娱解约官司终于尘埃落定,Travel-Query
把9号去看李荣浩演唱会的提醒删除,FilmTele-Play
在下午一点半喊我吃饭,Calendar-Query
今年的仲夏节是星期几,Other
几月几号举行那达慕,Travel-Query
想让你在七点的时候提醒我回家,Alarm-Update
帮我播放单田芳讲的隋唐演义,Music-Play
杨波主持的中国之声继续收听一下行不行呢,Music-Play
是否可以让冰箱开启节能模式呢,Weather-Query
帮我查一下青海大通熏让乡兰家村郭慧敏的手机号儿,Audio-Play
准备做皮蛋瘦肉粥，将电饭煲切换到炖汤模式,Music-Play
帮我回放5月12日的财经的开门大吉,Audio-Play
我想要在11点跟朋友去打羽毛球，你记得提醒我,FilmTele-Play
可以播放穿越火线吧,HomeAppliance-Control
作为国家公民安全的维护者警察在无人区里愚蠢而又无能,TVProgram-Play
帮我把客厅空调开到十八度,Travel-Query
报一下郑州去往深圳的动车是12点的吗,Video-Play
不要只删除今天的闹钟，明天的闹钟也全部删除,Weather-Query
你的火车几点到我去接你,Radio-Listen
挑战不可能上期电视放的我想看下,Music-Play
花莲明早穿衣指数怎么样,Radio-Listen
调到音乐频道徐州音乐广播，我现在要听音乐加速度,Weather-Query
帮我调到河南法制看看法治现场,HomeAppliance-Control
今天降温多少度用穿毛衣吗,Other
快帮我创建明天上午8点15分带孩子体检的闹钟。,Video-Play
王一博的青春模样能一直单曲循环不,TVProgram-Play
钮承泽开心艋获高人气盼影片内地上映,FilmTele-Play
我弟下周二生日告诉我农历多少,Audio-Play
从贵阳到凯里的车几点,TVProgram-Play
随便播一个王更新讲的修仙小说,Calendar-Query
再一次相遇我会紧紧抱住你,HomeAppliance-Control
昨天是5月几号,HomeAppliance-Control
启动洗衣机自动清洗,Radio-Listen
昨天下午三点有刺激战场的竞技赛，放来看看,Travel-Query
告诉我石家庄今天有西北风吗几级,FilmTele-Play
张国立的那个铁齿铜牙纪晓岚能播一下第40集吗,Weather-Query
我需要你续播一下言情剧呢,HomeAppliance-Control
能不能帮我续播一下在看的恐怖片呢,Radio-Listen
来一首吴亦凡的大碗宽面,HomeAppliance-Control
B站上的最美的夜bilibili晚会视频快点给我播放,FilmTele-Play
来一首范仲淹的江上渔者,TVProgram-Play
帮我开启蒸烤箱的烘焙模式做吧,FilmTele-Play
郭德纲于谦的相声帮我放一下,Video-Play
给我放爱吹牛的小公鸡这个故事,HomeAppliance-Control
青年演员王鹏凯将接替杜淳领衔湘西王,Video-Play
明天天气晴朗吗，能去游乐园玩儿吗？,Calendar-Query
我想听频率是一零五点八的南京交通广播电台音乐台,Travel-Query
游戏视频备战国服最强铠还能找到吗,Music-Play
我想看一个今年放映的喜剧类电影可以吗,Music-Play
至于黄子佼昨天他听到双姝会面只淡淡说以和为贵乐观其成,FilmTele-Play
请调到FM91.8的杭州交通电台,Audio-Play
频率是九二点八的山东文艺广播电台立刻放给我,Calendar-Query
今明两天宁波有没有雪,HomeAppliance-Control
我要把洗衣机关了,Calendar-Query
玄幻题材的有声小说随便播一个吧,Weather-Query
能播放一个赵丽颖今年上的电视剧吗,FilmTele-Play
上电视台怎么走啊,Alarm-Update
2011年出的法语歌曲随机来一首,FilmTele-Play
讲一下猫和老鼠做朋友这个故事,FilmTele-Play
在10:30提醒我去小爱悦拿止咳糖，去日丰管儿拿奶粉,TVProgram-Play
美国硅谷第三季这个电视剧不错，播放看看,Alarm-Update
重新看一遍公共的最紧要健康,Other
打开昨天六点四十分的湖南新闻联播,Video-Play
到过节的时候手机会不会降价,FilmTele-Play
想听俄语版的喀秋莎,Weather-Query
我很高兴见到你的老婆,FilmTele-Play
看看今天有重庆飞来北京的飞机不,Music-Play
放一首张宇九十年代的《用心良苦》,Weather-Query
给我来一首刘聪的说唱歌曲经济舱。,Radio-Listen
对于姑嫂散伙的消息记者求证了赵薇助手凌夷,Music-Play
能否回放一下早上七点二十分的时事关提案吗我想看下,Video-Play
阿杰配音的广播剧随便给我播放一个,FilmTele-Play
我需要听一下音乐类的中央人民广播电台三台音乐之声,Other
循环播放周杰伦的菊花台,Calendar-Query
帮我把窗帘关上吧，准备休息了,Music-Play
我要调大这屋空调的风速,Music-Play
周三到济南站的汽车票还有吗,Weather-Query
麻烦给我播放岳云鹏的单口相声,Radio-Listen
超级QQ发内容到号码怎么弄,TVProgram-Play
随便放几个科比的NBA比赛视频,Alarm-Update
可以随机来一首华晨宇的歌不,Calendar-Query
收听频率是一零零点六的资讯早八点,Travel-Query
去嘉善炮台口高速怎么走,Calendar-Query
水浸传感器打开,Calendar-Query
我想调高温度,Alarm-Update
请循环收听秋扬的凌晨三点半,Music-Play
正点财经2021年5月25的节目回放给我看,FilmTele-Play
明天早上7:40你可以提醒我带纸吗,HomeAppliance-Control
帮我查一查到张家口火车票,FilmTele-Play
今年有劳动节放假七天,Music-Play
循环收听频率是九九点一的十堰车城之声,Alarm-Update
能不能告诉我河源开往佛山的火车出发了吗,Calendar-Query
0点75倍速放冯绍峰袁姗姗演的创业时代第五集,Calendar-Query
知道不知道连云港始发的动车哪天有票,TVProgram-Play
请你给我设置一个明天早上11点接朋友的闹钟。,FilmTele-Play
我们承担了什么样的社会责任,Other
我要学草原迎宾曲，播放一下,Alarm-Update
有声小说长歌行给我播一下,Radio-Listen
开启洗衣机节能模式可以吗,Alarm-Update
佛山到广州的是不是到站了呢,Radio-Listen
河南新农村的美丽的家现在播放了没我想看下,FilmTele-Play
有部剧叫致我们甜甜的小美满请放一下,Music-Play
帮我侄女打开嘉佳卡通的超级飞侠吧,Video-Play
放2021年春晚小品一波三折给大家听,Calendar-Query
我想听下零点的音乐旅途节目,FilmTele-Play
农历什么时候是沐浴节,Alarm-Update
单曲循环琵琶曲月儿高,Calendar-Query
而事情刚告一段落昨天网上又出现了郝蕾当街痛哭的照片,Alarm-Update
QQ飞车中装备了一个大红灯笼后跑完全程有什么奖励,FilmTele-Play
西班牙西红柿大战是几月几号,FilmTele-Play
乃万专辑Dear X里的歌都很好听，你能随机播放一首吗？,Weather-Query
凌晨两点的电影吧结束了吗帮我看下,Video-Play
回放昨天少儿台播出的小小智慧树,Radio-Listen
小说给我放莫泊桑的羊脂球英文版的,Travel-Query
餐厅中间的大屏幕上连续播放儿子的照片现场气氛其乐融融,Music-Play
长三角之声就是新闻台就听它了,Travel-Query
给我看一下到广州的开车路线,TVProgram-Play
据悉除了证人的身份刘芳菲并没有被牵涉到王益案中,Audio-Play
赶快查一查开往东莞的特快列车出发了吗,Alarm-Update
到北横新村怎么去,Alarm-Update
请给我把暖风的温度调低百分之5,Travel-Query
来一首凤凰传奇的月亮之上，我要跳舞了,Calendar-Query
问一下去香格里拉的机票还有几张,Calendar-Query
给我播放惊悚类的有声漫画,Alarm-Update
2009年上的陈赫的电视剧可以播放一个么,Radio-Listen
播放蒋欣主演的天龙八部。,Music-Play
把风扇风速调到三挡。,Radio-Listen
随后黎明与乐基儿杨千与丁子高统统都被网络曝光已婚的事实,Weather-Query
问侧田不怕郑融的绯闻男友刘浩龙听歌吃醋,FilmTele-Play
起来了吗今天好冷多穿衣服看把你冻扁了,Music-Play
去年七月沧州下大暴雨了吗,Other
查询明天大理紫外线会偏高吗,Music-Play
查下日历后天到底是几月几号啊,Radio-Listen
后天呼和浩特空气质量怎么样,Calendar-Query
成都最近天气怎么样有雨吗,FilmTele-Play
中文的最最悲伤的歌如生命要继续,Alarm-Update
放空这个专辑里的歌曲随机来一首呢,Video-Play
紫外线指数多少用不用防晒,FilmTele-Play
黑胶时光节目我记得是星河音乐主持的帮我调一下,Video-Play
帮我查询农历的几月几号是清明节啊,FilmTele-Play
今晚九点半在B站播出动漫转生成蜘蛛又怎样帮我找一下,Audio-Play
不是退休了吗怎么还在拍戏,Radio-Listen
我之前收听的FM107.8的怀旧好声音电台很好听的帮我找一下,Calendar-Query
请给我读一下章鱼讲故事讲的科幻小说,Radio-Listen
有没有最新的日语歌听,Music-Play
内蒙古可能会出现持续降雨吗,Weather-Query
我想了解明天江西气温变化,HomeAppliance-Control
麻烦关一下水浸传感器,TVProgram-Play
我最喜欢看绝地求生的直播,TVProgram-Play
打开6月1日的名为走失儿童的纪录片,Travel-Query
我这边下雪了，老家山东那边天气怎么样？,Weather-Query
自从婚变消息传出后谢霆锋与张柏芝从未就此事好好面谈,TVProgram-Play
找个经典国漫看,FilmTele-Play
蔡明亮构思三年的新片脸将于下月一零日正式在法国卢浮宫开拍,Other
播放一下美国和加拿大出版的电影猫鼠游戏。,HomeAppliance-Control
继续播放宁波的天气情况,HomeAppliance-Control
侯门遗产风波陷瓶颈侯耀华绝无可能私了,Weather-Query
给我播一个悬疑小说七宗罪,Music-Play
在哪些国家同性恋结婚是合法的,Travel-Query
放一下冯巩曹随风的小品我就这么个人听听看,Music-Play
放一下英文版的钢铁是怎么炼成的小说,Travel-Query
可不可以告诉我11月10日和11月9日哪天是星期日,Video-Play
告诉我周三下午去长沙的汽车票,Travel-Query
下周六是农历几月几号,Music-Play
初学者这个专辑里面的花儿与少年可以给我播放一下不,Weather-Query
你现在在宿舍还是在上班,Other
奈何里的女儿播放一下呢,Weather-Query
买的冰淇淋到了，冷冻柜的温度得调低啊。,FilmTele-Play
继续收听一下频率是一零三点四的惠州人民广播电台,TVProgram-Play
元宵节在星期几,Radio-Listen
随便播一个重生的有声小说,Audio-Play
帮我查询明天苏州室外温度多少度,FilmTele-Play
而此版的许多人物也是符合现在八零九零后们的口味,HomeAppliance-Control
有什么方法可以让头发定型除发胶定型水外,HomeAppliance-Control
你又不是我女朋友你怎么陪我呢,Other
给我播放武侠类的有声漫画,Travel-Query
给我随便找一个已经完结的战斗动漫,Music-Play
望果节是周几,Calendar-Query
男人是不是三十岁如狼四十岁如虎,FilmTele-Play
这时候没有空吃饭，帮我把电饭煲开启保温功能吧,Radio-Listen
查一下还有几趟班机去上海,FilmTele-Play
吴奇隆走出情伤全力工作很充实很快乐,Other
可以将8月12号到9月17号的提醒全部删除吗,HomeAppliance-Control
给我找一找吃货俱乐部在意大利拍的那一期,Alarm-Update
还能不能找到2015年上映的纪录片迈克尔杰克逊和他的时代,Music-Play
今年最高点击的抖音歌曲来一首吧,Video-Play
我要去曲靖市政府南门给我看看怎么去,Travel-Query
嗯好啊过些天和海鹏我们一块儿回去肯定能进,Calendar-Query
陶子认为偶像已经有很多人在挖掘不差我一个,TVProgram-Play
影院经理对非二有信心,Audio-Play
周三北票有没有可能下雨,FilmTele-Play
姜广涛的配音视频能帮我找一下吗,Audio-Play
内蒙明天会有大风出现吗,TVProgram-Play
天水美女在新丝路比赛中的冠军,Music-Play
可以帮我看看今天的广西公共有什么电视剧看吗,Radio-Listen
查询明天六点绥化有雨吗,Radio-Listen
换个唐嫣和窦骁演的时间都知道,TVProgram-Play
快速回放中午中央5套的体育比赛,Radio-Listen
情急之下两人向刘伟强发出邀请希望他能够支持,Weather-Query
方舟子灭中医那是他搞不懂,Music-Play
切换到少儿频道正在播出的熊熊乐园3,Travel-Query
可以把风扇调成直吹风吗,Music-Play
比较想看广东珠江的外来媳妇本地郎，帮我找一下,Weather-Query
随机播放90年代的经典音乐,Audio-Play
你对讲述人生意义类型的电影感兴趣吗,TVProgram-Play
现在给我建一个提醒明天早上8点预约科目一考试，我怕我忘了,TVProgram-Play
我打你电话怎么打不通,FilmTele-Play
呵呵不睡了中午再睡我去洗衣服了,Video-Play
查看明天有没有三亚飞新加坡的飞机吗,Music-Play
今天下午9点的闹钟现在给我定好,FilmTele-Play
还有去广东哪里的高铁,TVProgram-Play
将空调除湿功能开启吧,Audio-Play
让我知道珠海去往广州的长途车发车了没,FilmTele-Play
与健康同行是不是十二点四十分播放帮我看下,HomeAppliance-Control
我要听用法语讲的顽皮的孩子的故事,HomeAppliance-Control
把中央人民广播电台的文艺之声开开,Audio-Play
赵丽颖演的悬疑片谁是凶手继续播放,FilmTele-Play
调一下空调温度到二十二度,Weather-Query
有白色斑点的芦荟有毒吗用来敷脸效果怎样,Alarm-Update
9号回湖南的那个提醒能不能帮我删除了,Other
找到最近的快餐店的路,Video-Play
查询上个月中山的总降水量,Other
日黄昏以为期兮下句是及出处,Video-Play
新京报不过经历了低潮期一定也会有收获的是不是,Alarm-Update
现在希望可以听到法语版的依恋,Audio-Play
给我定一个周四下午3点的闹钟,Alarm-Update
杭州到南京我觉得飞机比较快,Calendar-Query
我现在想要你帮我记一下今天下午三点有一个重要会议要开,Video-Play
查一下今年上元节是星期几,Travel-Query
查下日历明天的农历是多少啊,TVProgram-Play
走哪条路从天坛到西直门不绕远,Video-Play
梁家树表示香港很久没有拍这种题材了,Music-Play
问到男友是否经常逗她开心她说一直我都好开心本身好开心,HomeAppliance-Control
切换到正在直播的向幸福出发-2021-20,Weather-Query
我不去当裁判了谢谢祝取得好成绩,Radio-Listen
面对传媒追访她只好强颜欢笑笔者上前问她对造型满不满意,Music-Play
我想看北京卫视的北京您早帮我搜索一下往期视频,FilmTele-Play
请问成都市博物馆四川省博物馆地址电话谢谢,FilmTele-Play
其实水货同行货比哪种好,Calendar-Query
电影频道5月26上午播出的天净沙回看一下,Travel-Query
能给我来一个剧情片大宅门吧,FilmTele-Play
4月16日的斯里兰卡青睐中国这个视频能找到吗,Video-Play
时隔两周何念工作室决定诉诸法律,Weather-Query
明天是传说的世界末日,Weather-Query
晚上八点左右济南少儿有什么适合儿童看电视节目吗帮我看下,Music-Play
任达华半开玩笑地说袁咏仪好像已经怀孕了但被袁咏仪马上否定,Weather-Query
查一下退伍军人节是星期几,Radio-Listen
吕良伟妻子斥周刊造谣两女儿实为侄女图,Weather-Query
现在请收听可心的可心电台,HomeAppliance-Control
在书中琳恩还表达了自己在发现一六岁的女儿吸毒时的恐慌感,HomeAppliance-Control
提醒我今天去营业厅办理业务,Video-Play
请用英语播放王维的西施咏音频,FilmTele-Play
这种故意请模仿明星代言是否合理,Radio-Listen
空调风速调至百分之50现在太小了,Music-Play
零点24播出的旅游景区天气预报再播放一遍,TVProgram-Play
麻烦帮我播放泰国的讲校园青春的剧天使之恋,Weather-Query
8月8号5点的闹钟帮我关掉了吗,Radio-Listen
回放下广东珠江的元宵节联欢晚会,Radio-Listen
刘晓庆曾拒绝与姜文合作再也不说做女人难,Radio-Listen
杨颖觉得这是一件非常浪漫的往事,TVProgram-Play
到牛塘中学要怎么走啊,HomeAppliance-Control
绵阳后天可能有雨吗,Travel-Query
我想继续收听向菲主持的中国之声,Radio-Listen
快点查查大前天是几号呢,Other
对此我感到十分内疚想透过这个道歉声明向大家表示深深的歉意,Audio-Play
汪汪队立大功的相关视频按照时间顺序播放,Travel-Query
帮我查询然后给我订几张深圳到北京的机票,TVProgram-Play
换一部电视换一部电影,Alarm-Update
来首侬本多情里面的情歌吧,Alarm-Update
请问什么时候是元宵节,Calendar-Query
我想查看4月30号的广西影视有什么令人心动的电影帮我看下,Video-Play
打开江苏卫视的父母爱情看一下,Travel-Query
什么时候是花山节,FilmTele-Play
帮我看看中央人民广播电台老年之声的主持人是谁,Weather-Query
我想听70年代的爵士舞曲,Audio-Play
前天是几月几号,Radio-Listen
我要听钢琴伴奏的英文歌曲呢,FilmTele-Play
现在就把空调关了吧，太费电了,FilmTele-Play
好想收听中国国际广播电台的新闻,Alarm-Update
画面中以一件印有红唇的恤蒙住嘴巴象征她在,Weather-Query
CCTV1在2点31的晚间新闻回放一下可以吗,TVProgram-Play
记得在5月1号提醒我找周家伟拿钱,Audio-Play
我要听英文版的小星星。,Video-Play
到湖州仓山区怎么走啊,Radio-Listen
帮我查一下周一上午会不会出太阳。,Audio-Play
帮我搜索一下早上七点零一分的郑州大民生吧我想看下,Alarm-Update
我想看一部80年代的战争片,Alarm-Update
顺序播放一下张学友的醒着做梦里面的歌曲呢,Audio-Play
藏历年是什么时候,HomeAppliance-Control
麻烦推送下今晚的广东珠江的节目,Audio-Play
鱼味男孩的节目帮忙回放忘了哪个台了,Radio-Listen
帮我打开今天的辽宁宜佳，我想看下载直播些什么,Calendar-Query
昨天晚上珠江的六三零新闻打开了吗我想看下,TVProgram-Play
立刻播放2020年4月出的动漫百妖谱,Music-Play
林允儿拍的韩剧可以来一个看么,TVProgram-Play
杨颖邓伦朱一龙演的我们是真朋友找到并帮我播放,Audio-Play
给我找到开车到福州南站的路,TVProgram-Play
空调给我关机啊,FilmTele-Play
新报记者吴轶凡文朱良城摄,Weather-Query
未来三天鸡西有雨吗,Video-Play
请帮我设置一个周六上午9点去钓鱼的闹钟。,Other
农历的惊蛰是星期几,FilmTele-Play
历史类型的广播剧播放一个吧,FilmTele-Play
请告诉我复活节是几号。,Audio-Play
把榨汁机开开，我想榨点果汁。,Audio-Play
下个月3号的下午5点出国的闹钟帮我设置下。,Travel-Query
放玻璃瓶中的妖怪这个故事的英语版,Radio-Listen
这雪什么时候能停,Radio-Listen
提醒我后天上午8点去交水费,Alarm-Update
幺三八零七八七八八五幺,FilmTele-Play
搜索宁波电视台的健康有1套,FilmTele-Play
音乐电台有正在放摇滚的吧找来听听,TVProgram-Play
循环播放一下安徒生的童话故事拇指姑娘,HomeAppliance-Control
我想用我朋友的手机号码定位,Video-Play
请播一下小铃铛这个故事给小孩子听,Alarm-Update
查询一下江苏今年的空气湿润程度,Weather-Query
9号上午10点的签售会提醒我一下。,TVProgram-Play
我十点去郑州会不会堵车,Audio-Play
我弟周一上午要开运动会，一定给我设置好闹钟,Travel-Query
帮忙告诉我怎么骑车去市政府吗,Weather-Query
洗碗机已经把碗洗干净了，把它关掉吧。,FilmTele-Play
请播放内地原来拍的古装戏杨三姐告状,Radio-Listen
你是不是忘记给我说今天也是充满希望的一天,TVProgram-Play
我想看今早的北京早间新闻，帮我换台,Weather-Query
有声小说神藏播放一下,TVProgram-Play
现在赶紧给我查10月11日是阴历多少,Other
中午11点40分的DV现场给我回放下吧,FilmTele-Play
我想观看演员李易峰主演的号手就位。,TVProgram-Play
李冰冰亲们要点击查看大图才有效果呀,Travel-Query
查询未来一周天津少雨吗,Video-Play
李湘骑着自行车缓缓前行穿着白色的连衣裙仿佛回到了校园时代,FilmTele-Play
陕西交通广播的节目给按时间顺序播放,Alarm-Update
随机找一个新闻电台啊,Calendar-Query
今年的什么时候是陇端节,HomeAppliance-Control
就放一遍王宝强主演的唐人街探案三。,Calendar-Query
娱乐节目效果追求的就是语出惊人巨大反差,TVProgram-Play
我应该怎样骑车从国家大剧院到王府井呢,Weather-Query
24个小时后去医院打针你能不能叫我一下 ,Alarm-Update
立刻续播沈腾的电影,Music-Play
播放言情剧恋恋不忘,FilmTele-Play
万名歌迷票选容祖儿十年至爱造型图,FilmTele-Play
何炅主持的快乐大本营帮我播放一下,Radio-Listen
国庆节是这月的几号,Audio-Play
看一下下周五是几号,Weather-Query
现在杭州那边空气质量怎么样,TVProgram-Play
既要做到准确还原又要符合现代审美是挺难的,Video-Play
东湖新闻都是每天十二点三十五分开播吗帮我看下,Alarm-Update
老赵的回答甚是干脆我公司里这么多人够用了不用外人了,Other
上次那个电台我挺喜欢，好像是门少华主持的生活小贴士,Music-Play
播放欧美动漫冰河世纪3,HomeAppliance-Control
把空调温度调低到20度,TVProgram-Play
快乐生活一点通昨天有播放吗帮我看下,Calendar-Query
今天空气有点干燥，帮我把加湿器打开,HomeAppliance-Control
我要听李白的清平调朗诵,FilmTele-Play
我现在感觉罗晋演的山海情挺好看的，能不能帮我搜索一下,Video-Play
需要我提醒你快点吗,Radio-Listen
播一下著名小说变形记的第三章,HomeAppliance-Control
帮我查询一下今年的春节是星期几,Music-Play
山西湿度怎么样,HomeAppliance-Control
播放周华健的朋友,Alarm-Update
山东台昨天的山东新闻联播重放一下,Weather-Query
有话题婆媳相处铁律是距离,Music-Play
能不能给我唱一首好听的古典乐,Alarm-Update
最近空气比较干燥，我要开烟火报警器。,Video-Play
CCTV1典籍里的中国-3帮我搜索一下,Calendar-Query
对我来讲辣妹本来就是好看的东西当然喜欢看,Travel-Query
播一下阿朗的故事电台,Weather-Query
音乐电台放法语歌儿的找个听,Radio-Listen
从东直门到天坛到底该怎么走合适呢,Alarm-Update
把风扇调整为自然风,Audio-Play
打开洗衣机,FilmTele-Play
给我找一个音乐台CNR音乐之声就行,Music-Play
范伟上央视当老大透露幸福秘方,FilmTele-Play
吉林新闻联播是在今早六点播过了吗我想看下,Calendar-Query
清明雨上听说是写给许嵩他女朋友的,Calendar-Query
把今天下午2点去办银行卡改成下午4点,Calendar-Query
给我看下上海开往杭州的高铁今天有票吗,Audio-Play
查询未来一周哈尔滨天气,Music-Play
最受欢迎书籍小鬼日记,Weather-Query
你给我单曲循环一下夜半小夜曲可以吗,Alarm-Update
时间不对，帮我把智能闹钟的时间调成北京时间吧,Video-Play
推荐几本写上流社会生活适合有钱人看的杂志,Other
能帮我看一下这个月的1号是农历哪天吗,HomeAppliance-Control
山西卫视的天气预报什么时候进行啊帮我看下,Travel-Query
打开音响，播放一首纯音乐,Travel-Query
查找国产动漫罗小黑战记,Audio-Play
立即查查XA9311航班还有没有票,Calendar-Query
我要一直单曲循环冰柜,Music-Play
给我放一下袁隆平的纪录片吧,Music-Play
放一下五月天演唱会唱歌的视频,FilmTele-Play
查询一下成都飞上海的机票还有吗,HomeAppliance-Control
那你和凌潇肃会在一起吗,HomeAppliance-Control
岳云鹏主演的喜剧片煎饼侠开始放,Travel-Query
东京奥运会在明年几月份举行,Weather-Query
北京舒馨园清洗保洁公司,Music-Play
报一下是否沈阳开往上海的普快进站了,Alarm-Update
播放一下托尔斯泰的小说复活英文版,Travel-Query
回放前天凌晨两点零五分播放的我最爱的电视剧七十二家房客吧,HomeAppliance-Control
不过在大家的连番追问下邓超还是透露了一点点内容,Video-Play
有没有曹盾导演的古装剧播放一个啊,Radio-Listen
设置6:50和6:55的闹钟,Music-Play
好几个台都在播安妮海盗和阿诺机长呢帮我找一下,Alarm-Update
江苏卫视的时代问答帮我重新再放一次,HomeAppliance-Control
南昌都市的非乐不可啥时候播放啊帮我看下,Radio-Listen
我为不严谨而道歉但这不会影响到我今后发言的直率,Audio-Play
明天要去浙江出差，那边天气多少度？,Alarm-Update
超级想看黄晓明出演的烈火英雄,FilmTele-Play
帮我定一个明天晚上8点辅导孩子写作业的闹钟。,Video-Play
星期几是儿童节,Travel-Query
附近有没有什么好玩儿的,Audio-Play
11号到16号永康天气怎么样,Audio-Play
9点29在北京卫视播出的上午剧场:奔腾年代(30)再回放一遍,HomeAppliance-Control
告诉我这个月的农历16是多少号,Weather-Query
作者是引路星的广播剧播放一个给我,Music-Play
广播剧杀破狼的主题曲帮我播放,Audio-Play
昨天9点30在中央9套播出的跨过鸭绿江帮我放一下,HomeAppliance-Control
打开高德我要去竞秀公园,Alarm-Update
让他一夜之间从武行变成金马奖最佳新人,Music-Play
帮我播放岳云鹏和孙悦的对口相声,TVProgram-Play
怎么把空调调低点 温度调低,Music-Play
给我找一个美国去年上线的动作大片,HomeAppliance-Control
我需要你播放一个日本的推理类电影呢,Audio-Play
孩子们爱看密室大逃脱游戏类节目搜一下吧,Music-Play
昨晚居然睡着了回放广州竞赛今天零点的体坛点击吧,Other
今年的元旦是农历的几号,Music-Play
你真的电话号码是多少,FilmTele-Play
放浙江卫视6点20播出的今日聚焦,Music-Play
下午3点开始的女子双打乒乓球赛现场准备花絮可以看看吗,Audio-Play
这个空调风好大 调低些,Video-Play
找到一个日本的今年出的偶像剧看看呢,HomeAppliance-Control
查一下2月19号是星期几,TVProgram-Play
想接着听魔法公主的第二章,Music-Play
给我看一个2009年的香港电影可以吗，不要现代的,Radio-Listen
是不是能来一个频率是一零四点五的云梦交通音乐台呢,Audio-Play
科教台播出的健康之路-2021-146回放一下,Radio-Listen
光棍节儿快乐光棍节儿快乐,Travel-Query
郑州教育的信息时代今天六点播放么帮我看下,FilmTele-Play
我想骑车去大慈阁小区帮我看看怎么走,Alarm-Update
你是不是能播放一下REVISIT里的歌曲呢,Calendar-Query
生而为人这首歌是小明的最爱，帮我下一首播放,HomeAppliance-Control
请续播言情小说天才医生的第五章,Radio-Listen
我现在要听英文版的灰姑娘的故事,HomeAppliance-Control
其实不必问这么多所有答案本人都很清楚,Radio-Listen
绵阳明天空气质量怎么样,Radio-Listen
福州飞往洛杉矶的航班是不是明天有票,HomeAppliance-Control
今天的贵州天气预报准备播了吗帮我看下,Audio-Play
2000年庞龙唱的歌来一首可以吗,TVProgram-Play
湿度改成百分之80卧室空调的,HomeAppliance-Control
放杜牧的秋夕来给我听一下,Travel-Query
李宇春超级女声夺冠的那段唱歌视频还能找到不，我想看看,FilmTele-Play
我要听现在播的下班超有料就在保定经济广播,TVProgram-Play
我想看使徒行者给我找一下影视连续剧版的,Other
未来若真的设置赌场可能不考虑至澎湖拍片了,FilmTele-Play
将今天下午3点多发邮件的提醒设置一下。,Audio-Play
找一下怎么坐车去农业银行,HomeAppliance-Control
找到动漫画江湖之不良人的第1季按列表播放,Radio-Listen
帮我播放杨幂黄子韬演的谈判官,TVProgram-Play
冰箱变温抽屉的苹果放了多少天了呢,Weather-Query
听说中国梦在电视上播呢帮我搜索一下,Music-Play
播放一下春三月啊乡村音乐的那个,Other
快点给我查查还有去湖南哪里的动词,Radio-Listen
周末特供2021-316的节目回看一下,Radio-Listen
主人公穿越的有声小说随便播一个吧,Calendar-Query
给我打开我体育频道正在播放的节目,Music-Play
开车自动开启陕西秦腔广播的音乐发烧友听歌,Audio-Play
导航到聚缘精品店的路,Calendar-Query
请循环播放后羿射日这个小故事,Alarm-Update
现在就播放一下古筝版的十面埋伏呢,Travel-Query
宁夏奥德电子商贸有限公司石嘴山安防系统工程分公司金牌联盟,Radio-Listen
今年播出的热巴的剧长歌行播放给我看看,Video-Play
播放CCTV1正在直播的绝密使命,HomeAppliance-Control
羊城晚报是什么让你离开又为什么会回来,Video-Play
我的这个号码为啥能接不能打这是什么原因,Audio-Play
今天赵小棠为喻言庆生的视频能找到吗,Calendar-Query
那你可以直接坐车到PGP啊我一会看看蚊子哥和包子去不去,Calendar-Query
海淀今天刮得是北风吗,FilmTele-Play
再放一首小田音乐社的沈园外,TVProgram-Play
能给调到中国之声吧听听新闻联播,Travel-Query
周二上午十点会下雨吗？,Weather-Query
音乐类的荆州电台音乐频道可以收听一个不,Calendar-Query
会长我不想干了累死了你找个人来帮我吧,Music-Play
查下日历前天是哪个节日呢,Weather-Query
把空调风速调大十格,Travel-Query
你失败下既然没吃过哈哈吃了你就会觉得大马的是人间美味啊,Radio-Listen
请帮我删除4月1号去参加讲座的备忘录,Calendar-Query
我要听陈力的葬花吟,Calendar-Query
陈冰晶主持的都市之声现在就播放一下可以吗,Weather-Query
放一个孟郊的游子吟来给大家听吧,Radio-Listen
宫斗重生有声漫画播一个给我,Radio-Listen
现在开车去北京火车站的最快路线,Weather-Query
想去放风筝，贵阳明天能放不,Radio-Listen
农历的哪天是15号,TVProgram-Play
播放104点2蚌埠经济广播电台,Weather-Query
帮我换台到电视八点播出的电视剧爆射遁甲我想看下,Alarm-Update
请给我播放2017年美国电视剧球手们第三季预告片,FilmTele-Play
快查查上海始发的飞机是8点的吗,Audio-Play
今晚二十点安徽影视会播放什么类型的电视剧帮我看下,HomeAppliance-Control
帮我订一张最快飞重庆的商务舱,Music-Play
请柬还提醒宾客要注意保暖防寒并提供红景天等抗高原反应药品,Alarm-Update
从济南到北京坐哪趟火车,Music-Play
可以不可以把风扇风速调为2档,Weather-Query
洗碗机的清洗力度调大一点吧,Music-Play
看看13点有珠海始发去汕尾的汽车不,Audio-Play
查看一下2021年5月24的晚间新闻视频,FilmTele-Play
让家里的智能台灯亮一点儿,Music-Play
广东人民广播电台FM99点3的给我调过去,HomeAppliance-Control
把卧室的除湿机湿度降到三十度,Music-Play
赵本山告诫小沈阳千万别离婚,Music-Play
设置下午1点半午休的闹钟,TVProgram-Play
顺序播放一下汪苏泷的歌曲可以吗,Travel-Query
随便找个生活台就听FM99点6的周末动起来吧,HomeAppliance-Control
回放2018年刺激战场城市联赛的视频,Alarm-Update
我要听FM107.8的怀旧好声音电台,TVProgram-Play
人民广播电台给我拨一下要听王建立的节目,Video-Play
5月18日城市有什么节目播放吗？帮我看下,Video-Play
朝闻天下5月1的视频再播放一遍,Radio-Listen
主持人常贵田大声感慨亲情最可贵,Video-Play
父亲节是5月的几号,Travel-Query
请不要将15点的闹钟修改成17点,Audio-Play
播一下李煜的虞美人来听,Radio-Listen
调至最大空调风速,Calendar-Query
金姬和银姬的命运上世纪七零年代在中国上映时曾轰动一时,Music-Play
2:55你能不能提醒我上小米直播,Alarm-Update
开启空调的静音模式好吗,Radio-Listen
放频率是一零四点五的跑火车电台,Travel-Query
我要听郎朗的钢琴曲可以吗,Alarm-Update
播放推理类型的广播剧听听吧,Calendar-Query
查看国防军事频道破阵的往期视频,Alarm-Update
HUAWEI Mate 40 Pro的开箱视频找一下,Alarm-Update
去长城公司的路有几条,Radio-Listen
查找电影我喜欢你花絮,Alarm-Update
查询去哈尔滨的机票还有吗,Audio-Play
我想听东郭先生和狼的故事,Radio-Listen
李雨儿并不是传说中的朱丽倩表妹她是湖南妹子,Audio-Play
来一个频率是一零三点三的黄石交通音乐台可以吗,FilmTele-Play
重播7点37钻石剧场你迟到的许多年,Audio-Play
就是迪丽热巴演的那个古装剧，播放一下第32集,FilmTele-Play
设定后天上午10点洗奶瓶,Alarm-Update
正月16是星期几,Weather-Query
立即查询礼拜几是7月的15日,Travel-Query
麻烦播放张云龙和乔欣演的趁我们还年轻按列表放,TVProgram-Play
我想看中国动漫刺客伍六七主人公剪辑版,Travel-Query
由吾恩演唱的人间纵我快帮我播一下,Travel-Query
现在请给我放著名小说追忆逝水年华俄语版的,Travel-Query
能把戏剧类电台海上戏剧给我播放一下吗,Video-Play
删除明天11:10的闹铃,TVProgram-Play
回放湖南卫视昨天的新闻大求真,FilmTele-Play
快点儿关上水浸传感器啊,Video-Play
张若昀演的庆余年影视版给我播放,Alarm-Update
阿斩钉截铁否认传闻而阿娇则说工作未安排到这么远,Radio-Listen
香港电台第一台的频率是FM93.5,HomeAppliance-Control
播放玄幻类型的广播剧听听吧,Radio-Listen
9号和10号的提醒不需要了,TVProgram-Play
陈琳的母亲当时被沈永革操刀的追思会的虚情假意给蒙蔽了,FilmTele-Play
重播昨天的体育赛事,Alarm-Update
郭麒麟和宋轶演的赘婿给我放一下,Video-Play
最后哪怕在一夜暴富的情况下也没有失掉自我,Radio-Listen
找一部最热门的国漫随便哪个都行,Other
这次再冲击金狮奖杜琪峰仍对此行表示期待,Video-Play
大后天是农历几月初几呢,Calendar-Query
前天看的美国电影继续播吧,Radio-Listen
星期三会刮大风吗？,Calendar-Query
我想观看宫崎骏的龙猫。,Alarm-Update
3月5号2点的提醒取消,FilmTele-Play
能不能将5月20号的备忘录删除然后新建一个3月10号的备忘录,Audio-Play
今天还有县城到东莞的汽车票吗,FilmTele-Play
大家明天千万记得带护照晚安,Weather-Query
设置一个6号上午8点带孩子去游乐场的闹钟。,TVProgram-Play
请问一下圣诞节是星期几,Music-Play
17号请记得帮我建立提醒关闭系统,Video-Play
要出去一趟，帮我把风扇关掉吧,Music-Play
能找一个91年拍摄的喜剧看一会吗,Weather-Query
帮我调到吉林生活我想看看有什么有趣的生活节目,Travel-Query
当记者问道此事之后有没有跟阿忆试图联系沟通,Calendar-Query
刀客家族的女人是在湖南卫视国际播放的吗帮我看下,Weather-Query
下周星期二是母亲节吗？,Video-Play
今天有军事新闻吗，放来看看,Other
明天南京会不会下雨呢,Alarm-Update
宰执天下的有声小说听起来很一般,Video-Play
南方周末迄今为止你的电影故事没有晚于一九八零年的这是为什么,Alarm-Update
现在请收听中国之声，望远主持的,HomeAppliance-Control
我想播放美国出版罗马假日。,Weather-Query
能不能给我来一个大陆喜剧飞驰人生,Video-Play
快速打开江苏公共新闻的奇趣大自然。,Audio-Play
提醒我和朋友一起去看电影在20号的时候,Music-Play
而受无线力捧的林峰在当时的价位并不如外传有薪价过百万,Radio-Listen
坐公交如何去北京故宫啊,Audio-Play
三个多小时的节目动情点笑点不多让人记住的好节目几乎没有,Music-Play
频率是九七点二的阳江电台现在给我收听一个行不行呢,FilmTele-Play
靳羽西表示这些都是过去的事当初不是我做主席,FilmTele-Play
你今天要把衣服洗了，我把洗衣机打开,Calendar-Query
农历的皮卡丘节是哪天,Video-Play
快帮我回放湖南卫视5月27上午播出的我是大美人,Radio-Listen
昨晚记者联系到苏有朋的助理郝女士,Music-Play
我要听英文朗读的望岳,TVProgram-Play
但对于这件事本身我却并没有感悟,Audio-Play
帮忙把7月10号的提醒改到1月3号提醒,Radio-Listen
能不能查询然后订三张明天早上大连飞成都的机票,Other
给我找出姜广涛和袁铭喆合作的广播剧听听,FilmTele-Play
山东卫视播完问政山东后会播放什么节目帮我看下,HomeAppliance-Control
放一个萧鼎的网文玄幻的,Video-Play
能否让我知道农历3月初3是哪天,Radio-Listen
不知道还能不能找到冯巩和牛群演的小偷公司小品吗想看一下,HomeAppliance-Control
2021MSI比赛电视有直播吗快看看,Audio-Play
给小朋友讲一个画饼充饥的故事来听,Audio-Play
如果我现在要去兰州下来办事能给我提供哪些宿食方便,TVProgram-Play
查下通化6号的平均气温,Weather-Query
我想随机播放一首80年代的英文歌曲,FilmTele-Play
搜索社会与法频道播出的法律大讲堂往期视频,FilmTele-Play
明早6:40的时候，请叫我不要播放音乐,Music-Play
请播放法语版的茶花女,Other
右腿绿色卡特彼勒七七三型号自动倾卸卡车,Alarm-Update
成奎安四代都住香港南围,FilmTele-Play
给我放个小品吧就2021年贾玲和张小斐演的一波三折来看看,FilmTele-Play
将卫生间的灯关上行吧,Radio-Listen
报一下什么节日是11月11日啊,FilmTele-Play
今年的春节是什么时候,Calendar-Query
青年下午茶是不是在合肥频道播放的，看一下,Audio-Play
那么两人之间到底是什么关系,Calendar-Query
帮我看看5月4日是星期几,TVProgram-Play
广州今天可能会下雨吗,Video-Play
查询明天六点台北有雨吗,Travel-Query
江苏省泰兴市七圩镇朱张云的基本信息,TVProgram-Play
快点找出来电视剧西游记里的沙僧cut视频,Video-Play
播放一人之下这部内地和日本共同出品的电视剧。,Radio-Listen
中央3套播出的综艺喜乐汇帮我预约播出一下,Other
广西卫视现在播放的是广西新闻吗帮我看下,Video-Play
赶快给我查询一下开往广州的动车哪天有呀,Alarm-Update
5点有青岛始发到济南的动车吗,Music-Play
查询丽江的穿衣指数是多少,TVProgram-Play
上午八点的合肥经济新闻联播啥时候有回放啊，好像看耶,Alarm-Update
请问作文题目是教养的芬芳文体不限的作文怎么下笔,Video-Play
什么时候会降温,TVProgram-Play
首先他是孝子心疼他妈妈疼,Radio-Listen
开始打开我的空调冷气,Video-Play
而车永莉扮演的翠玉则是很讨巧的角色,Alarm-Update
明天晚上7点回老家帮我定一下吧。,Audio-Play
阿陈伟霆公开恋情公开亮相图,Audio-Play
我想听一下冯巩的小品返乡,Travel-Query
让我知道农历12月1是礼拜几呢,Radio-Listen
能随机播放一下纯音乐吗,Radio-Listen
给我放一下闻人听书的虞兮叹,FilmTele-Play
他笑说漂亮是最重要的,Audio-Play
中央台生活类的节目随便来一个可以吗,Travel-Query
请在2分钟后告诉我11月5日是星期几,Video-Play
动我钓鱼岛血洗你东京,FilmTele-Play
湖州现在昼夜温差大不大几度啊,Other
播放河北二的都市侃房,Audio-Play
请找有关邓超的综艺,Video-Play
重庆下过冰雹吗,Calendar-Query
只不过有的人却演的很假,Video-Play
继续播放一下刚才看的言情剧可以吗,Radio-Listen
帮我打开电风扇。,HomeAppliance-Control
给我放一个郭德纲的搞笑相声听,Video-Play
萨噶达瓦节是星期几,TVProgram-Play
日本拍的恐怖片给我找一个看看,Alarm-Update
你帮我增加一个下周一凌晨一点的闹钟,Music-Play
放一首利益诗词江南曲来听吧,Calendar-Query
我要查询一下发往揭阳的大巴明天有没有票,Weather-Query
帮我播一下路知行和魏超合作的广播剧,Music-Play
游戏频道正播穿越火线cf直播快看下,Alarm-Update
我还是觉得收听FM107.8的怀旧好声音电台吧,Weather-Query
给放一下上海人民广播电台的节目,Weather-Query
给我找出景向谁依和羊仔合作的广播剧听听,Music-Play
播一下郭德纲于谦的相声兄弟情长给儿子听,Video-Play
来一首欢乐一点的西班牙语歌曲吧,Alarm-Update
我想听一些言情小说帮我找一个播放量最高的,FilmTele-Play
景甜献唱美女老板主题曲韩国制作人打造,Radio-Listen
给我开启洗碗机,Audio-Play
帮我重播昨天体育频道有个节目叫说唱CBA特别好玩,Calendar-Query
查询明天江西气温如何,FilmTele-Play
帮我把客厅空调打开吧,Radio-Listen
郑州时政啥时候有直通政务帮我看下,Weather-Query
重复播放一下2016年特朗普竞选总统的视频,Travel-Query
西安到济南的火车票查询,Video-Play
能否告诉我去荆门的客车是几点的呀,Video-Play
取消我所有的提醒，包括5号和15号,HomeAppliance-Control
有没有盗墓的有声漫画啊我想听,HomeAppliance-Control
现在下午五点了，快看看那个台是不是影视推荐快开始了,Music-Play
给我回放2012年张学友的演唱会视频,Weather-Query
继续播放一下张国立的那个古装剧,FilmTele-Play
齐天这首歌我要听华晨宇唱的,FilmTele-Play
嗯我会的你们要你们好好的呦下次送好吃的给你们哦,Alarm-Update
最高人气的爵士乐来一首可以吗,Travel-Query
因为他们是明星最信任的人,Video-Play
我要听科洛迪的木偶奇遇记法文版的,TVProgram-Play
就连齐秦也是一两年才打通电话问候一下,Weather-Query
把空调风速减小到百分之60,HomeAppliance-Control
报一下现在空调的温度吧,Travel-Query
请用英文放国王与鹤这个故事,FilmTele-Play
帮我记一下后天6点去我哥哥家,Audio-Play
请循环放一下聪明的小乌龟这个故事吧,Music-Play
打开日历查询一下农历9月12是11月5日还是11月6日啊,Calendar-Query
麻烦给我播放郭德纲的单口相声,Radio-Listen
重复收听频率是九零点七的江阴交通广播电台,Music-Play
告诉我知道元宵节是星期几啊,Video-Play
徐静蕾没有底线法律就是我的底线,Calendar-Query
几月几号是青年节,Travel-Query
新闻360中午接近十二点的时候播了吗帮我看下,Alarm-Update
关闭掉灯光的日间模式,Video-Play
换了人间-（四套）-16/40正在CCTV4直播观看一下吧,Alarm-Update
翡翠白玉青玉玛瑙釉玉黄蜡石哪种玉最好怎样区别,FilmTele-Play
我想取消5月7号走亲戚的这个提醒 ,TVProgram-Play
我想要看2009年上映的探索自然地理的国外纪录片自然界大事件,Video-Play
前天的农历是多少,Alarm-Update
我需要看一个曹盾导的悬疑剧呢,Other
你的字写的太难看了要好好练习,Audio-Play
播放412集怜可兄弟的相关视频,Video-Play
放一个朗读的送别，不是那个歌，王维的诗,Weather-Query
而老徐也默认已有男朋友但并不是传言中的生意人,Audio-Play
郭涛产量惊人水平参差,Audio-Play
悬崖是不是在CCTV8播出已经播放到第几集了，我想看,FilmTele-Play
蝙蝠侠前传暗夜骑士最快也要等到九月才能上映,Music-Play
播放摇滚版挪威森林,HomeAppliance-Control
在此我们也代表汪峰再次感谢广大歌迷对他的关心,Music-Play
周蕙勇闯槟榔摊买提神液黄义达任新单曲制作人,FilmTele-Play
幸亏被同屋女孩及时发现紧急送往医院抢救目前还在昏迷中,FilmTele-Play
明天还去社保局不来的话提前给我发信息,Video-Play
我活得好陈琳在九泉之下才放得下心,Calendar-Query
西班牙语言的歌曲随机播放一个呗,Radio-Listen
能把骑车去步行街的线路告诉我吗,Other
去桂林可以乘高铁吗？,Other
把热水器打开,Other
播放美国动作电影速度与激情2,Video-Play
我想看童蕾在6月15日拍摄都市丽人的花絮视频,Video-Play
快点打开日历查看9月15日和9月6日哪天是星期日,Calendar-Query
杭州上月有下雪吗,HomeAppliance-Control
找到FM107点7听男人广播,Audio-Play
立马给我建一个备忘录12月30号跟男朋友去逛街,Calendar-Query
林依晨被曝将息影跟随男友赴美充电,Video-Play
推送下元宵节当天教育的经典节目,Calendar-Query
搞个搞笑的剧武林外传可以播放一下吗,TVProgram-Play
儿童节是什么时候呀,FilmTele-Play
我要了解雄安近一个月的气温升降变化,Radio-Listen
有点儿想看过年七天乐给我回放一下,Other
帮我播一下阿春主役的广播剧,Alarm-Update
冰箱冷藏室的温度调到零下十度,Other
查询上月唐山下大雨了吗,Video-Play
听说觉醒年代播了帮我调下台找找那个节目,HomeAppliance-Control
邓萃雯欲在内地找老公米雪称太忙没时间结婚,Travel-Query
让我知道9点有哈尔滨去沈阳的火车吗,FilmTele-Play
麻烦帮我接着放长相守,Music-Play
我给家里打电话了没什么事谢谢你的关心,HomeAppliance-Control
请问我下午订的杭州去武汉的飞机票何时能送到手,Calendar-Query
如此人物设置自然就少不了黄瑶萱与各种外国人打交道的戏份,Other
查一下六一儿童节是周几,Video-Play
这周的周一提醒我要去交物业费,Alarm-Update
潘粤明心目中的好父亲,HomeAppliance-Control
羊仔配音的广播剧随便给我播放一个,FilmTele-Play
下午六点山东体育在播放什么节目,TVProgram-Play
你能现在就播放下美国电影阿甘正传吗,Music-Play
初恋这件小事花样美男抢韩星风光,Radio-Listen
找一下到天津西站的路线,Radio-Listen
能调到河南国际查看今天有什么吸引人的节目吗,FilmTele-Play
有声小说竞技女孩给我播一下,HomeAppliance-Control
快查查2017年端午节是周几,Music-Play
给我找到乌鲁木齐维语广播的听众点播,TVProgram-Play
能否帮我打开杨超越在创造营101跳舞的合辑视频,Other
帮我设定晚上10点洗漱的闹钟,Calendar-Query
请收听频率是九二点四的高邮电台,Travel-Query
请播南光的中央人民广播电台银河台,Calendar-Query
在6点03播出的军事纪实-2021-103回放一下吧,Travel-Query
明天晚上8点追韩剧的行程帮我定一下。,TVProgram-Play
可以给我放一下2020年抖音最火爆的古典音乐吗,Video-Play
帮我播一下黑龙江广播电台天天说新闻,Travel-Query
我正在收听中国之声的新闻,Calendar-Query
CCTV空中剧院-2021-46 京剧《王宝钏》访谈往期视频回看一下,Alarm-Update
帮我定一个周五晚上7点做饭的闹钟。,Radio-Listen
等会提醒我去找忠玉,Travel-Query
呵呵我班主任给我说了好长时间了我一直没写好,Weather-Query
请给我播放纪录片城市梦的第二集,TVProgram-Play
张柏芝怒斥弃养母亲传闻图,Radio-Listen
我想听一首2020年的古风音乐呢,FilmTele-Play
美国动漫汪汪队立大功有小片段播放吗,FilmTele-Play
找到钟汉良和谭松韵主演的锦心似玉并播放,Alarm-Update
请用英语讲骑鹅旅行记这个故事,Video-Play
不过不能用比捐来掩饰诈捐,Alarm-Update
随便给找一个连载的国漫看,Weather-Query
放一下从军行这首诗给大家听,Other
告诉我后天陇西有雨吗,HomeAppliance-Control
我也想知道你到底喜不喜欢,Music-Play
请问你们班毕业生党员人数,TVProgram-Play
播一个刘琮配音的刑侦破案广播剧,Video-Play
最佳技术成就奖怪兽的视觉效果,Alarm-Update
姜广涛和路知行配音的铜钱龛世帮我播放一下,Video-Play
1点5倍速放苏有朋张娜拉演的喜剧刁蛮公主,Music-Play
正月十五和八月十五两天之中有没有元宵节啊,FilmTele-Play
明天三点他的火车就差不多到重庆了,Video-Play
想知道明天新疆的日落时间,Calendar-Query
续播一世独尊的三十章,Travel-Query
播一下早上九点有个台播的养生堂,TVProgram-Play
伴随儿子一起出席活动的郎妈收到了全场热烈的掌声,Weather-Query
帮我把电饭煲开启保温模式吧,FilmTele-Play
1分钟后我想要了解农历8月初3是哪天,Radio-Listen
立刻播放全世界只想你来爱我张国荣唱的,Video-Play
这个辽宁鞍山怎么走啊,Travel-Query
麻烦你查一下2018年中秋节是星期几,TVProgram-Play
可以告诉我下冷冻室的饺子存放了多久了吗,Music-Play
听与你同行在保定交通广播,Alarm-Update
请帮我空调温度调成26吧温度太高,Music-Play
而且因为这次这么多人都在一起所以也比之前更加好玩哦,TVProgram-Play
山东文旅频的直播乐拍电视购物一会儿播放下,Calendar-Query
慢慢适应哦那俩人怎么样,Video-Play
播放一个小沈阳最搞笑的小品来听一下,HomeAppliance-Control
生活大调查大概在八点开播第五集么帮我看下,Travel-Query
刘德华也写得一手好书法还不时即兴挥毫作慈善拍卖,TVProgram-Play
帮我找杨硕和潘之琳演的绿水青山带笑颜,HomeAppliance-Control
播放张信哲梦想里的太爱你,Music-Play
我要听清漪主播的节目在四川新闻广播,Weather-Query
儿童节是在星期几,Calendar-Query
2015年的胡歌和靳东主演的电视剧伪装者可以播放一下不,Other
二十分钟后关闭铃声多多你别忘了提醒我哈,Weather-Query
向往的生活真人秀给我搜一下,FilmTele-Play
小空调风速百分之20,Radio-Listen
组图梁静茹歌会被彩泡呛到明年一月发新专辑,Video-Play
马上给我播放诛仙前传第五章,Audio-Play
请给我播一下小说在人间的法语版,Calendar-Query
故事内容横跨大半世纪浓情血脉尽显华人本色,Other
持续播放华山气温情况,Audio-Play
一会有空帮我查查今天的日期是多少号,Radio-Listen
骑车怎么去天坛告诉我一下呗,Calendar-Query
把你拉出来晒晒太阳吧我陪你阳光很好生活是要幸福健康,Music-Play
随机给我来一首放空里的音乐可以吗,Video-Play
作者是耳雅的广播剧播放一个给我,Music-Play
给我续播一下张爱玲的半生缘第五章,HomeAppliance-Control
怎么开车去固始县,FilmTele-Play
本市是否只有一个本手机号,Alarm-Update
立刻马上告诉我今天是哪个节假日,Travel-Query
麻烦你告诉我自驾车去青海的路线是怎么走的,Calendar-Query
明天上午是晴天不？,TVProgram-Play
我饿了帮我打电话叫外卖,HomeAppliance-Control
打开空调的冷风，调至22度,FilmTele-Play
给我儿子讲个英文故事好吗,Alarm-Update
劳动节那天，江苏卫视有什么吸引人的节目吗帮我看下,HomeAppliance-Control
后天邢台会下雨吗,FilmTele-Play
5月1日的济南新闻帮我回放下吧,Alarm-Update
立刻告诉我去往黄石的磁悬浮列车是11点的吗,Alarm-Update
斗罗大陆在腾讯视频上一共有多少集,Alarm-Update
播放凤凰传奇版的海底,FilmTele-Play
能给我来一个频率是一零四点五的东广新闻台给我听吗,Radio-Listen
放一下杜甫的春望英文版,FilmTele-Play
播放封神榜的有声小说,FilmTele-Play
我等下想泡个热水澡，把热水器温度调到40度。,HomeAppliance-Control
请关上儿童房的灯,Weather-Query
放日本文学小说风土记的日文版,HomeAppliance-Control
我要听李荣浩的专辑麻雀里面的歌,Calendar-Query
6月中旬重庆温度查一下,TVProgram-Play
我要查周一上午去海口的下铺价格。,HomeAppliance-Control
属于原色专辑的因为单身的缘故唱一下吧,Music-Play
兰州本周会出现强沙尘天气吗,FilmTele-Play
中兴上海特约维修站在哪里,Music-Play
想听傅欣瑶的消失，帮我打开音响吧,Radio-Listen
找2018年王者荣耀职业联赛春季赛的比赛回放,FilmTele-Play
设置星期天上午去公园参加活动,Video-Play
古典音乐是不是能随机来一首呢,Music-Play
李小龙主演的精武门播给我瞧瞧。,Alarm-Update
水浸传感器能不能关上啊,Other
帮我看看5月3日去往郑州的高铁票,Audio-Play
在重重压力下凌潇肃前日通过微博表示电视剧再好顶多就是个戏,Weather-Query
红楼梦能不能给我继续播放呢,HomeAppliance-Control
请播放恐怖小说诡梦惊心来听,Video-Play
推荐一部催泪的美国纪录片来看,FilmTele-Play
23号牛乃糖在卡通正式开播了吗帮我看下,TVProgram-Play
设置明天早上6点做早饭的闹钟,Radio-Listen
郑少秋跌下四米高的假山带伤复工称以后会小心,Travel-Query
给我放俄语版的小故事沼泽王的女儿,FilmTele-Play
今年年初两人分手消息传出,Alarm-Update
一个单眼皮一个双眼皮,FilmTele-Play
我的煲汤食材准备好了，开始帮我煮汤模式吧,Other
李亚炜回应车祸与李亚鹏无关家属提出无理要求,Radio-Listen
我想看5月26日毛不易的科颜氏采访视频,Other
这屋空调暖风调低成不成,Radio-Listen
我3号9点要去晋城还有火车票吗,Video-Play
我想一会看一些学习编程类的学习视频,Radio-Listen
我要去中山阳江公交站牌告诉我怎么走,Radio-Listen
我想听诗词咏鹅,Travel-Query
驾车往中关村怎么走,Weather-Query
安七炫内地复出谢婷婷称张柏芝预产期延后图,FilmTele-Play
我想观看CCTV7的国防故事节目看一下往期的节目呗,Music-Play
查一下新加坡机场9点起飞到北京的机票,Radio-Listen
盖世英雄里面的11首歌可以全部播放一遍吗,Video-Play
梨园闯关我挂帅往期视频搜索播放,TVProgram-Play
单曲循环蔡琴老师的《伤心小站》,TVProgram-Play
告诉我怎么坐车去广州几路车到,Audio-Play
随便找一个新闻电台听,TVProgram-Play
查看一下昨天CCTV11戏曲播放了哪些节目,Video-Play
绵阳最近有雨吗,HomeAppliance-Control
见人说人话见鬼说鬼话,Weather-Query
我要到南江规划一下路线,Music-Play
我想看康乐嘉年华，中午11点有播放吗,Radio-Listen
赶快给我查一查今年的端午节是农历几号,Radio-Listen
昌明空气质量如何,Other
二零零七年一一月侯高俊杰初遇周杰伦,Travel-Query
衣服已经放洗衣机了，预约明天九点洗衣机洗衣,Audio-Play
播放一个八岐大蛇CG视频,HomeAppliance-Control
上海这个星期啥时候能没有雨,Music-Play
几月几号是采花节,Radio-Listen
香港的电影叶问3拍摄花絮播放出来,Video-Play
给我播放2018年亚运会的视频，我想了解当时的比赛情况,Audio-Play
什么脸型适合戴平光镜,Radio-Listen
厦门今天的紫外线指数是不是很低。,FilmTele-Play
苏小明朋友们好我在这个戏里演他的一个表妹的妈妈,Weather-Query
帮我关闭浴霸所有功能可不可以呢,Audio-Play
帮我放一下情感疗愈节目解忧电台,HomeAppliance-Control
电视剧自古英雄出少年拍摄消息一出即在网上引发网友热议,Alarm-Update
我想要的是歌王迈克尔杰克逊的档案麻烦详细点谢谢合作,FilmTele-Play
这个周末上午9点左右去采摘园摘草莓的闹钟帮我设置下,Alarm-Update
贾玲今年导演的那个电影看一下吧,Travel-Query
陕西农林卫视的三农信息联播可以给我回放下吗我想看下,Alarm-Update
循环收听北京故事广播的读书俱乐部,Video-Play
下午三点有大话西游吗帮我看下,FilmTele-Play
将空调设为上下扫风,Video-Play
苏州的昼夜温差多少啊,Music-Play
请继续给我播放呼啸山庄的第三章来听,Calendar-Query
星期二大连会有冰雹吗,Radio-Listen
除了李亚鹏决定退居幕后记者获悉王菲也对投拍影视剧产生兴趣,Other
给我放一下5月26日的世乓赛的情况呢,Calendar-Query
珠江现在有什么吸引人的电视剧吗我想看下,Calendar-Query
下个月西安的温度是不是会上升？,HomeAppliance-Control
帮我找CCTV1在5月26的新闻联播好吗,Music-Play
现在去深圳北站怎么坐公交,Video-Play
而面对毛茸茸的孙悟空韩雪如何自然地与其演对手戏呢,Audio-Play
美国演员安妮海瑟薇的剧给我立刻播放呢,Other
回放6点32在CCTV10播出的探索·发现-2021-150,Radio-Listen
既然我设置的铃声自己听不到我想把它删除可以吗谢谢,Alarm-Update
届时她在会上推广环保理念,Weather-Query
帮我赶快查查星期几是青年节啊,Weather-Query
我想调低温度空调快,Calendar-Query
我颠覆了整个世界只为摆正你的倒影用因英语怎么翻译,Weather-Query
唐勇的说法得到了湖南省卫生厅医政处调研员鲁鸿安的认同,Radio-Listen
5分钟后告诉我10月25日是阴历多少,Radio-Listen
我18号和30号安排一个新的日程,Alarm-Update
采花节是周几,Alarm-Update
国庆节是农历8月16吗,Radio-Listen
周五到周日三天韶关有大暴雨吗,Music-Play
并把空调温度调低到23,TVProgram-Play
看一下CCTV10科教台的百家讲坛,Radio-Listen
你找一个今年中国上线的喜剧片可以吗,Video-Play
王祖蓝将刘子千在中歪嘴摆头兼眨眼的夸张表情学到足十分爆笑,Music-Play
他还表示自己将出任山东卫视中华达人的评委,FilmTele-Play
有没有女驸马我想听戏曲,Music-Play
可以让扫地机器人开始工作吧,FilmTele-Play
请问QQD电信可不可以用QQ二零零八JAVA正式版登陆QQ,Other
可以告诉我下空调现在调的是什么模式吗,Alarm-Update
添仓节是几月几号,HomeAppliance-Control
不管世界如何对高圆圆来说家人安康便是最大的修为,Alarm-Update
来首俄语歌听,Video-Play
主持人赵宁说到在这部片子当中也有吻戏的部分尴不尴尬呢,Music-Play
3月22日的吉林新闻早报还能看回放吗我想看下,Other
空调温度调高一下,Travel-Query
昨天9点30左右在中央9套播出的跨过鸭绿江帮我放一下,Radio-Listen
最近丽江是晴天吗,FilmTele-Play
临床治疗神经衰弱的具体药物名称,Video-Play
重新播放前天的十分好球,Video-Play
麻烦继续查哪趟去东京的飞机的餐食好,TVProgram-Play
查小欣我说的只是事实而已,Other
我想看下去年宋祖儿跨年晚会演的那个小品,Music-Play
帮我设置18号早上8点参加上海车展的提醒。,Radio-Listen
给我空调调低5度,FilmTele-Play
单曲循环播放恋曲1990,Calendar-Query
可以帮我找找今天播放的盛唐幻夜在哪个吗我想看下,Radio-Listen
放一个司马光砸缸的故事给小孩子听,Video-Play
雪中悍刀行能给我读来听一下吗,Other
我想看科幻剧我就是这般女子,Video-Play
能不能说一说农历的几月几号是元宵节啊,Music-Play
帮我开一下电烤箱吧，我想烤鸡翅吃,TVProgram-Play
中秋节是周几,Other
我想听潘长江的春晚小品相女婿,Other
有知情人爆料郭德纲的二徒弟曹云金也已萌生了退意,Calendar-Query
今天的农历是几月初几,Music-Play
请循环播放张信哲的过火。,Alarm-Update
周日6点早起闹钟提醒,Radio-Listen
我想看最好的图片美女,Audio-Play
赶紧告诉我一下运城开过来的高铁今天有票吗,Video-Play
找到并播放打日本的抗战剧亮剑,Video-Play
去听一听上海广播电台的新闻,Video-Play
将周三晚上7点去参加歌唱比赛设定好行程。,Radio-Listen
唐嫣的锦绣未央立刻播放一下呢,Other
记一下2月24号的提醒改到3月22号提醒,Music-Play
你赶紧给我查5月1日是什么节日,Weather-Query
播放陈情令的有声小说,Video-Play
武汉有多少所体育类型的大学,Video-Play
怎么到现代城啊,Music-Play
来一首古筝版本的十面埋伏可以不,Travel-Query
拨到琼海人民广播电台我要听享聊生活,HomeAppliance-Control
愚人节是几月几号,FilmTele-Play
一九六零年生英国跨界女高音歌手和演员嗓音嘹亮被誉为天籁之声,FilmTele-Play
我要听频率是一零零点六的海门广播电台,Music-Play
能否在10点新建提醒系统杀毒,FilmTele-Play
还是听着赵雷的鼓楼,Alarm-Update
帮我预约电饭煲明早7点的煮饭模式,HomeAppliance-Control
芒种播放给我一直放K歌必点啊,Calendar-Query
收听经济类的山东人民广播电台经济频道,Weather-Query
麻烦帮我制定个明天早晨5点钟起床赶高铁的闹钟。,Alarm-Update
卡通台现在有什么节目可以打发时间我想看下,Alarm-Update
接着收听王冰月的童年回忆,TVProgram-Play
播放豆瓣评分第一的肖申克的救赎？,TVProgram-Play
姜广涛配音的广播剧魔道祖师,Music-Play
最近一周富士山会有大风出现吗,Video-Play
你们小时候最崇拜的男人是谁,HomeAppliance-Control
西游降魔篇13年上线的那个播放给我吧,FilmTele-Play
查询双鸭山气温这几天热么,Music-Play
有人想听郭冬临的小品面试放一下,Weather-Query
蓝洁瑛为何发疯近日遭法院颁令强制留院治疗二,Travel-Query
烟台去济南开车要几个小时？,HomeAppliance-Control
梁朝伟和刘嘉玲李嘉欣和许晋亨倪震和周慧敏徐熙媛和周渝民,FilmTele-Play
请给我续播推理小说清明上河图密码的第五章,Travel-Query
现在块给我播一个法文版的野天鹅来听,TVProgram-Play
自动咖啡的模式调到香醇,Audio-Play
播放连丽如讲的十二女侠,Music-Play
给我找出来单田芳讲的三侠五义听听,TVProgram-Play
帮我找下百家讲坛这期节目在哪个频道直播呢,HomeAppliance-Control
想继续看一会八月未央电视剧呢,Radio-Listen
你可以播放将军令的纯古筝版吗,HomeAppliance-Control
非诚勿扰照常播出乐嘉微博称为三周前录制,Weather-Query
将明天的日程给我全部删除,FilmTele-Play
帮我播放单田芳的评书,Calendar-Query
我想看看今年万圣节是几月几号,Video-Play
来一首今年最火的抖音歌曲给我吧,Other
这个星期华盛顿飞纽约的航班最便宜的时段是在什么时候？,TVProgram-Play
赶紧查询汕尾去往广州的大客车发车了没,Video-Play
麻烦给我播放德云社的群口相声,HomeAppliance-Control
能不能在2个小时后叫我去洗澡,FilmTele-Play
播一下章鱼讲故事讲的悬疑小说,Alarm-Update
循环播放园丁和主人这个故事给我听,Weather-Query
查一查最近从桂林到西安的汽车车次,TVProgram-Play
想听刘禹锡的诗秋词,TVProgram-Play
我想对孩子们而言让他们的伤痛得到有效宣泄就是最重要的事情了,HomeAppliance-Control
来一首智珉的歌Hey,Music-Play
放一下有声的紫襟演播的恐怖小说,Other
一场关于爱情的谎言在4月26播放的花絮有么,TVProgram-Play
记得帮我建一个4月2号去和朋友一起逛街的提醒,Radio-Listen
帮我打开合肥购物看看合肥购物正在卖些什么东西,Radio-Listen
设定明天晚上10点看直播的闹钟,Travel-Query
请问圣诞节是什么时候,Alarm-Update
帮我找到坐车到北京的路线,FilmTele-Play
明天要去烧烤，看一下天气怎么样,Travel-Query
喜剧飞驰人生可以播放一下吗,Video-Play
我想你给我看看日本电影的溺水小刀呢,FilmTele-Play
能帮我看一下下个月3号是什么纪念日吗,FilmTele-Play
能不能帮我查看一下端午节是农历几号,Audio-Play
张国荣的同道中人你能不能播放一下啊,Music-Play
武僧传奇之蹴鞠之战多个台正在转播中观看一下,TVProgram-Play
周迅陈坤刘嘉玲也表示一定会看大阅兵,Weather-Query
现在国内外的豪华列车有哪些,Travel-Query
我要循环播青蛙王子的故事,Travel-Query
我想知道今年春节是几月几号,FilmTele-Play
你是怎么看待这句话的,FilmTele-Play
找找去聊城三中的路,Calendar-Query
智能电热毯温度设定在四十到五十度之间,Video-Play
去年的几月几号是万元节,Video-Play
风波不断的肩上蝶在诞生的过程中究竟发生了什么事,Calendar-Query
2020年吉杰淘宝直播帮我找一下,HomeAppliance-Control
打开FM104.5旅游之声电台，放Family,Video-Play
单田芳讲的白眉大侠播放一下,Video-Play
告诉我福州今天适合穿什么衣服,FilmTele-Play
四十岁到六十岁登上健康快车,HomeAppliance-Control
帮我放频率是九零点九的商业电台第二台,Music-Play
搜索并播放科教频道的百家说故事,FilmTele-Play
查询下周河北多地会有降雨加雪吗,Calendar-Query
CCTV8电视剧频道5月26都播出过哪些电视剧呢,Video-Play
听听中心是做什么用啊,Travel-Query
回放今天上午10点在CCTV11播出的传奇大掌柜,Radio-Listen
北流现在紫外线指数多少,Alarm-Update
速度规划一条走高速的去沈阳路线,Travel-Query
怎样挂Q而且不用下载要二十四小时在线的,Music-Play
我想听柳永的雨霖铃这首诗,TVProgram-Play
二零一二年一月二十六日,Alarm-Update
回放5月21日的西安新闻综合的直播西安,Weather-Query
太热了，把风扇风大点吧,Radio-Listen
给我找一下5月25号王者荣耀的解说视频,Calendar-Query
仔细的查看一下今天有惠州始发到汕头的大巴吗,HomeAppliance-Control
今天温度很低大家要注意保暖,FilmTele-Play
我想把怪咖这个专辑顺序播放下呢,Radio-Listen
然而大家不知道的是这位才女不仅能演能唱更是有着一身好舞艺,Alarm-Update
我想看2019到2020CBA联赛的所有视频,Video-Play
我爱健康这个节目还是在七点多开播吗帮我看下,Radio-Listen
韩国综艺节目认识的哥哥帮我找一下,Radio-Listen
30分钟以后关掉显示屏这个备忘录删除,Alarm-Update
福布斯是最新推荐全国十大富豪,HomeAppliance-Control
今天的朝闻天下你有录下来吗,Weather-Query
帮我找出王一博的电台FM85,Calendar-Query
大平唱的孝敬爹和妈放一下,Audio-Play
给我放一个李商隐的诗词吧,Weather-Query
搜索一下CCTV7正在直播的节目,HomeAppliance-Control
可以告诉我荆州开来的大巴是6点的吗,Other
把儿童房的灯关掉好吗,Travel-Query
我是有钱就花没钱就不花,Travel-Query
找几个张学友唱歌的视频来看,Video-Play
能找一下2020年肖战的剧播放吗,FilmTele-Play
加拿大2012的人类进化史诗这部纪录片播放,Other
来自岁月积蕴的智慧让我们一起聆听,Audio-Play
查一下这月重庆是否有冰雹,TVProgram-Play
北郊站到郑州东站的火车票有没有,Travel-Query
播一个岳云鹏孙越的精彩相声非一般的爱情来听,Alarm-Update
八月五日有到深圳的汽车票吗,Music-Play
就不告诉你呀我就不告诉你就不告诉你,Weather-Query
FM87.6放音乐呢吗看一看,Other
我要循环的听一只很饿很饿的小猪的故事,Travel-Query
后天上午九点从南京出发地飞机,Radio-Listen
5月22日播放的法治第一线今天有重播吧,Travel-Query
看一下济南去淄博的大巴是13点30的不,Video-Play
你一定要在12月15号之前提醒我还房贷,Music-Play
我想到酒泉旅行哪里最好,Radio-Listen
来一个节奏快的美国电影播放一下吧,Weather-Query
发现山西在今天上午九点四十九分播吗帮我看下,Music-Play
2020年美国电影花木兰的预告片给我找一下,HomeAppliance-Control
播报一下明天需要穿个外套吗，会有强降雨不,Radio-Listen
RNG.M比赛的视频帮我找一下,Weather-Query
海贼王这个礼拜周日更新的那集播放一下,Alarm-Update
我要去北京翻译成英语,Alarm-Update
明天去南京的高铁票还有吗,Radio-Listen
动漫咱们的裸熊帮我找一下吧,Travel-Query
按照更新顺序播放动画片小羊肖恩,TVProgram-Play
我要做蛋糕，帮我把电饭煲调成蒸蛋糕模式吧,Alarm-Update
明天开始春运抢票设置个闹钟,Travel-Query
5月13号在中央8套播出的朝闻天下帮我播出一下,Radio-Listen
帮我播放正在直播的国际足球赛场-20-21赛季意甲联赛第38轮1,Video-Play
十二乘以五再乘以三再除以八等于多少,TVProgram-Play
讲一下老头子做事总不会错这个故事给我听,HomeAppliance-Control
单曲循环民谣南山南,Music-Play
你是否一个体贴细心的女朋友,Travel-Query
给我查查青岛去往深圳的动车是16点的吗,Audio-Play
随便放一首专辑写一首歌里的歌儿,Calendar-Query
给我播放灵异类的有声漫画,Other
单曲循环一下莱芙里面的曲子吧,TVProgram-Play
江苏城市的家屋室的主人播放了吗帮我看下,Travel-Query
临近预产期要怎么运动,Alarm-Update
那个综艺叫密室逃脱给我搜一下,Radio-Listen
好忙呀我现在的电话每一秒钟就响等儿媳出院再商量啦,Audio-Play
4点的时候通知我接孩子,Video-Play
她笑称不会那么亲切啦,Travel-Query
请续播烈日灼心这部小说的第五章,Alarm-Update
问到有没有担心过离开星辉演艺生涯受到影响,Video-Play
给我调到九四点八的香港电台第二台,HomeAppliance-Control
把空调的风速调大,TVProgram-Play
放一个岳云鹏孙越的相声我们不一样来听一下,TVProgram-Play
我哭了谢谢你给了我很多的感悟一颗温暖的卤蛋,FilmTele-Play
说一下16点有威海去武汉的火车吗,Calendar-Query
在家吗还好吧弄点好吃的新年快乐,Alarm-Update
新建一个6月10号下午6点的提醒,Calendar-Query
可以不可以把空调调到18度,Audio-Play
顾名思义可以理解为微细表情说了这是一种下意识的表情,Video-Play
动漫斗破苍穹的第4季播放第9集,Alarm-Update
骑车去学校最短的线路怎么走,HomeAppliance-Control
演唱者斯黛芬妮劳伦斯,Radio-Listen
播一下章鱼讲故事讲的的灵异小说,Audio-Play
给我读一下安徒生的白雪皇后俄语版的,FilmTele-Play
把空调调成最低16吧,Video-Play
我想看2012年麦当娜在巴黎举行演唱会的那个视频,Travel-Query
播放一个豆瓣评分最高的日本纪录片来看,HomeAppliance-Control
我想看一个台湾演员林心如的电视剧呢,Video-Play
找到CCTV12现在正在直播哪个节目播放,Other
蔡徐坤的情人最近很火，请给我播放一首情人。,Music-Play
黎耀祥陈豪邓萃雯畲诗曼陈法拉敖嘉年杨怡马浚伟等到场出席,Alarm-Update
看看空调是多少度行嘛,Video-Play
放放郭德纲的2021年天津春晚相声富贵人生来听,Radio-Listen
我想知道前天是几月几号,FilmTele-Play
我打电话给我老婆打电话,Travel-Query
查找一下B站婷婷助眠的视频,Video-Play
霍尊唱的英文歌曲来一首可以吗,Video-Play
收听雅娟的空中笑林电台节目,Weather-Query
把家里的空调关了有点冷,Video-Play
找一下那个恋恋不忘的第25集,Alarm-Update
搞笑有声漫画播一个给我,Radio-Listen
几月几号是端午节,Other
悬崖是不是在CCTV8播出已经播放到第几集了,Other
马上给放王维的相思,Travel-Query
我想看一个英国拍的历史剧呢,Audio-Play
今年的冬至是周几,TVProgram-Play
沈腾2018年以前的电影给我播放一个,HomeAppliance-Control
你是不是可以在90分钟后提醒关闭电脑,HomeAppliance-Control
赵本山形容大长脸的脸,Other
华为P30的开箱视频找一下,Alarm-Update
给我循环朗读李商隐的夜雨寄北,Travel-Query
播放钟馗捉妖记有关神话的剧,Travel-Query
10点的旅游百事通听它,Video-Play
搜索一下CCTV1精彩一刻-2020-186新航拍中国湖南洞庭湖,Video-Play
几月几号是添仓节,Music-Play
明星开动物玩笑被批何超莲被轰冷血千金,Travel-Query
2018年的七夕节是几月几号,Weather-Query
空气净化器设置为高速模式好么,Video-Play
朴信惠演的韩国电视剧随机播放一个给我看,Alarm-Update
下载一本电子书给我看,HomeAppliance-Control
南都以前拍戏有过这种感觉吗,Video-Play
华商晨报上春晚家里人应该很自豪吧,Weather-Query
今年的护士节是周几,Music-Play
八点二十八分的有啥说啥文旅郑州还能重播不帮我看下,Video-Play
五十二届格莱美最佳摇滚专辑奖提名名单,Audio-Play
是不是能继续播放杨幂的扶摇吗,Music-Play
请播放伍思凯老师的《特别的爱给特别的你》,Radio-Listen
找一下怎么到高就村,Other
我想了解明天邢台的紫外线情况,Alarm-Update
今晚7点10分山东农科将要播放什么节目帮我看下,Music-Play
我想看一个去年上线的悬疑剧呢,Alarm-Update
张柏芝胞弟与孙祖杨现身英皇总部东洋味十足,FilmTele-Play
请循环收听王浩主持的电影天堂,Video-Play
钱钟书有个小说叫围城的放来听,Alarm-Update
长江周边正常的湿气指数是多少,Weather-Query
有搞笑的宠物视频吗想看下,TVProgram-Play
你像小孩的样子好可爱的我喜欢嘿嘿,Audio-Play
我要看赵丽颖和金瀚演的那个你和我的倾城时光,TVProgram-Play
是否能续播一下那个玄幻剧,FilmTele-Play
气温下降的厉害，调大电火炉的温度。,Music-Play
杨坤履行抗抑郁大使职责北大提供心理咨询图,Audio-Play
播放蔡依林的日不落,FilmTele-Play
我还想看80年代的科幻电影,Radio-Listen
给我吧空调风速降到一格,FilmTele-Play
你可以给我定一个明天5:10的闹钟吗,Alarm-Update
给我放一个高桥留美子的日本动漫片剪辑版视频,Weather-Query
日本电影版火影忍者我想看。,Calendar-Query
请给我播放雪梅这首古诗,TVProgram-Play
我想开窗换气,FilmTele-Play
看一下能不能订三张明天早上飞南宁的商务舱机票,Travel-Query
能不能订三张明天早上飞重庆的经济舱,TVProgram-Play
汪苏泷专辑克制凶猛顺序播放一下啊,Audio-Play
夜半更深对朗月几多愁难入眠想找一个聊天谈话的电话,Radio-Listen
2020年最火的古典音乐来一首吧,FilmTele-Play
我要听普希金的渔夫和金鱼的故事的英文版的,FilmTele-Play
13点有深圳始发去汕头的长途车不,Travel-Query
我还不知道发往淮安的大巴明天有没有票呢,Music-Play
想听听90年代邓丽君的歌曲,Weather-Query
搜一下美国DC系列的神奇女侠,Travel-Query
收听北京交通广播的行走天下,Radio-Listen
查一下回妈妈家的步行路线,Other
我想看电视剧频道播出的我的仨妈俩爸查看一下往期视频,Alarm-Update
想看特别关注，麻烦给我打开新闻吧,Audio-Play
循环播放郭德纲的相声笑到不行给我听,Weather-Query
再找下到电子商贸学校的路,FilmTele-Play
帮我转到贵州卫视看看有什么节目吧,Music-Play
我想听故事萤火虫对星星说循环播放,Travel-Query
哪些小窍门使身上的蚊虫疤痕轻松去除,Radio-Listen
后天是农历几月几日,Other
今年的新年除夕是星期几,Weather-Query
农历的什么时候是立秋,Travel-Query
我妈比较喜欢看冯巩的小品，随机播放一个出来吧,Music-Play
我想听英文版的最后的珠子这个故事,Weather-Query
帮我设定一个今天上午9点30分陪妈妈看戏的闹钟。,Video-Play
合肥市现在已经开始下雪了但我这还没下,Audio-Play
几月几号是成人节,HomeAppliance-Control
一泰坦尼克号一八四二八七九九五五,Video-Play
浴霸切换到暖风模式可以吗,Alarm-Update
过两天太原的空气质量是多少呢,Radio-Listen
快给放威廉豪夫的故事商队来听,Other
小年是什么时候,FilmTele-Play
现在给我设一个明天14:30的闹铃,FilmTele-Play
准备将食物放着等会再吃，帮我切换到蒸烤箱的保温功能行么,Radio-Listen
我想知道世界战史这个节目是在哪个频道播出的,FilmTele-Play
给我找出来刘兰芳讲的岳飞传听听,Audio-Play
咸猪手事件升级官恩娜及无线台再曝新丑闻图,HomeAppliance-Control
给我回放2018年在俄罗斯举行的世界杯,Radio-Listen
随机放一个古装电视剧里的歌曲吧,Weather-Query
说我没有接到他的电话,Music-Play
一二月三日晚上起高璇就发表了十几条关于编剧署名维权的微博,Radio-Listen
北京卫视5月23的午间节目有哪些,Travel-Query
能不能看看安庆开过来的客车是几点呢,Travel-Query
16点的正点财经正在直播中点击播放,Radio-Listen
麻烦帮我找下中国戏剧广播里的秦腔节目按节目列表顺序播放,Music-Play
韩寒的经营之道就是正版签名,Alarm-Update
随便收听一个经济类新闻的电台吧,TVProgram-Play
律师认为检方涉嫌程序违法,FilmTele-Play
现在续播黑山老妖小说的第十二章,Calendar-Query
张元这既是一种现实也是不现实,Other
林俊杰的专辑对的时间点播放,Alarm-Update
王者荣耀的打野专场有吗，我想看,Alarm-Update
我要听白杰的先听为快帮我调下,Music-Play
我现在要听北京文艺广播的空中笑林,Alarm-Update
去年上的那个美国电视剧现在播一下,HomeAppliance-Control
不知道今晚的中央四有什么节目看，帮我看下,Video-Play
能不能帮我建一个今天下午5点去买旗袍的提醒,Radio-Listen
空调暖风再往低调一下,Radio-Listen
厦门空气质量怎么样,Other
请回答我重庆飞上海的飞机起飞了吗,Music-Play
我想把你的名字改成贝贝,Weather-Query
江苏卫视的时代问答帮我重新播放一次,Video-Play
16点你记得通知我洗头,TVProgram-Play
我想看CCTV1星光大道的往期节目,Music-Play
我需要制定一个周五上午9点半面试的闹钟。,FilmTele-Play
放一下高尔基的小说童年,TVProgram-Play
打电话二零五八五零零,Weather-Query
告我一下大连未来三天有没有大风,FilmTele-Play
再放一首鞠婧祎的过去完成时,Weather-Query
今天中午更新的心动的信号找一下来看这综艺还挺好看的,Other
十点半的环球综艺有什么综艺看,Radio-Listen
打算怎么过这个年啊小李他们好像不回去,HomeAppliance-Control
查询播放新疆一周的室外气温,Alarm-Update
我想十分钟之后听首张小斐的萱草花,Travel-Query
今天上午10点我要去超市，帮我设置一下,Travel-Query
你平时都有什么爱好啊,HomeAppliance-Control
今天的中国城市报道是不是五点帮我看下,Video-Play
随便播放一首英文歌,Video-Play
李冰冰和吴尊演的谜巢看一下,Weather-Query
播放美国NBA球赛,Weather-Query
帮我把洗衣机设置为智能洗模式好吧,Alarm-Update
李淼工作连轴转多栖才艺露锋芒图,Music-Play
银行休假日是哪天,Alarm-Update
随便播放一个法语歌,FilmTele-Play
我想知道三亚八月紫外线指数是不是很高。,HomeAppliance-Control
昨天的电影台播的逗吧逗把街我没看到想再播放一下,Weather-Query
10点的闹钟延迟10分钟后再响,FilmTele-Play
大秀肌肉的同时也展示了他性格中男性粗犷的一面,Weather-Query
晒懂事钟镇涛五岁女儿催婚,Other
挨着个儿播放华语专辑死不回头里的歌曲,Music-Play
6月23日是星期几？,Radio-Listen
苏瑞每次出街必引起轰动照片总是被粉丝们争先恐后地转载,FilmTele-Play
一站到底还在江苏卫视播吗帮我看下,Alarm-Update
快查询青岛飞深圳的飞机起飞了吗,Weather-Query
她到底是一个怎样的女人晨报记者就此为你揭开谜底,Video-Play
调到荆州音乐广播，频率十一点零三,Other
我是说附近最近的夜店,Video-Play
我不为我个人为了行业的尊严我决定放弃这个奖项,Travel-Query
请播放鲁宾逊漂流记的俄语版小说,Radio-Listen
能给我来一个频率是九七点二的天津人民广播电台新闻台吗,Travel-Query
每天她都会和准新郎通电话聊天但新郎从不为关于婚礼的问题烦她,Other
明天台湾有雨吗,FilmTele-Play
播放一下宗涛在福建新闻广播的节目,Audio-Play
端午节是几月几号呀,Other
客厅的空调温度改到最高,Travel-Query
9月1号是农历几月几号,Weather-Query
可以帮我把台灯打开吗,Radio-Listen
谢天华贴心地帮太太拎包充当护花使者,Alarm-Update
我需要听白敬亭的不加糖,Video-Play
请你给我设置一个大后天早上10点15分去纹眉的闹钟。,Music-Play
上期第二战场-2019-15在国防军事查看一下,Music-Play
我们会在明天九点到车站集合准备出发今晚把东西整理一下好好休息,Alarm-Update
我今天看的那个毒液继续播放一下可以吗,Weather-Query
有网友评价郭师傅真做大师傅了,Travel-Query
帮助我看看去往北海的客车哪天有票呢,FilmTele-Play
我想看会电视，可以帮我打开不呢,Video-Play
能帮我调小些健身房的空调风速吗,Alarm-Update
快给我一条坐公交去医院的路线,Travel-Query
航空煤油出厂价同时下调,Audio-Play
其实另类是别人说的我觉得我现在特别正常,Alarm-Update
给我把温度调高,Calendar-Query
4月22号的王者荣耀竞技赛视频给我回放一下,HomeAppliance-Control
从上海出发去苏州高铁多久？,Alarm-Update
警方现正调查初步判定为自杀,Video-Play
请帮我设好一个后天上午8点去拍全家福的提醒。,Alarm-Update
烦请帮忙把4月24号的提醒改到5月24号提醒,Weather-Query
能给我单曲循环一首民谣吗,Music-Play
通灵妃的有声漫画帮我播一下,HomeAppliance-Control
黄冈10号到益阳的汽车票查查,Travel-Query
能否帮我打开取暖器呀,Radio-Listen
最近一周南京的空气质量怎么样,Calendar-Query
帮我报一下中国的阴历4月20是哪一天呢,Audio-Play
热血的有声漫画播一个给我,Calendar-Query
80年代香港的犯罪电影找一个看一看,Other
CCTV3播出的文化十分往期视频回放一下,Video-Play
江苏等地为晴天吗,Audio-Play
一个人在外面注意安全,Radio-Listen
香港的电视剧逆天奇案拍摄花絮播放出来,Weather-Query
全集家庭剧小舍得播放可以吗,Weather-Query
放冯巩的春晚小品还钱我想听,HomeAppliance-Control
帮我播放一下上海新闻广播十万个为什么,Travel-Query
礼拜几是6月的12日,Calendar-Query
查询一下卧室温度,Video-Play
能不能查下日历前天的农历是多少呀,Alarm-Update
南方周末到现在你最多被问到的应该是太阳照常升起吧,TVProgram-Play
想我了没问号宝贝句号,Alarm-Update
我需要收听富渍主持的回忆杀,FilmTele-Play
今天播放量最高的治愈系歌曲来一首吧,Travel-Query
播放恰好是少年王俊凯参加的,Radio-Listen
河北到江西有多远啊看下路线,FilmTele-Play
帮我设置凌晨1点给孩子喂奶的闹钟,Audio-Play
我想知道大前天是什么节日啊,TVProgram-Play
对你感觉挺好的期待与你相识,Calendar-Query
后来数据监测显示收视率甚至超过黄金时间节目,Audio-Play
有点儿想看旭旭宝宝的买东西的直播给我找一下那个台,Audio-Play
那个情景喜剧继续给我看一会吧,Music-Play
我想知道郴州到衡阳的导航路线有几种方式。,Music-Play
是不是可以给我播放一下2020年的由晓光主持的音乐之声吗,Weather-Query
我要听斯蒂芬金的恐怖小说黑暗的另一半,Calendar-Query
让他一夜之间从武汉变成金马奖最佳新人,Music-Play
作者是priest的广播剧播放一个给我,Video-Play
是不是能来一首90年代的舞曲啊,Radio-Listen
回看国防军事国防微视频-军歌嘹亮-青春迷彩谣,Audio-Play
夜神月的教程视频给我找一个,HomeAppliance-Control
所以嘱咐一下同行们同时也嘱咐一下我自己酒就不要再多喝了,Video-Play
播放一个朴宝英主演的电视剧的拍摄花絮,Alarm-Update
点一首90年代人都爱听的民谣,FilmTele-Play
我要听百年孤独的英文版小说,Travel-Query
搜索一下4月11日是阴历多少啊,Audio-Play
今年的小暑是农历的哪天,TVProgram-Play
麻烦请帮我设置一个周末早上9点去发传单的闹钟。,HomeAppliance-Control
我很确定我就只能听中央人民广播电台的音乐之声,Audio-Play
帮我查一下今年的春节是几月几日,FilmTele-Play
5月5号不要忘了提醒我去104要账,Weather-Query
我希望世界末日是真的,Radio-Listen
查询然后给我订几张去齐齐哈尔的机票,Video-Play
一三四九字文案感动张国立,Calendar-Query
推送下今天河南卫视的电视剧,FilmTele-Play
古典音乐列表随机播放吧,Music-Play
找出泰国言情剧麻雀变凤凰播放,TVProgram-Play
我想要知晓2021年的国庆节是星期四不是,TVProgram-Play
给我播放法国长篇小说悲惨世界的日文版,FilmTele-Play
我要看鬼畜剧场里的全明星手术室,Weather-Query
频率是八八点三的高明电台继续给我收听可以吗,Video-Play
我们之间不能以虚相对那样她就会被曝光,Alarm-Update
广播剧AWM第一季第三集帮我播一下,Calendar-Query
继续上窥探这个剧,Radio-Listen
请循环给播一下忠实的朋友这个故事,Travel-Query
我侄女想看公共台昨天播放过的战魂,Other
七星彩这周奖金多少钱,Radio-Listen
唐嫣做客的电台节目立刻播放一下呢,Weather-Query
找一个治愈歌单顺序播放一下呢,TVProgram-Play
立刻找出来iPad Pro的测评视频,Calendar-Query
明天平潭空气质量怎么样,FilmTele-Play
正在直播的世界斯诺克锦标赛快帮我调到,FilmTele-Play
国产动漫斗罗大陆帮我找出来,FilmTele-Play
查询明早乌镇会降水吗,FilmTele-Play
听音乐台的话帮我找河南音乐广播,Travel-Query
好久不看成龙主演的作品了，就看神话吧,Calendar-Query
你都有一些什么功能啊,Video-Play
帮我打开收音机，我想听下新闻,FilmTele-Play
空调调高到28,Calendar-Query
给我循环播放一下杜甫的绝句,Music-Play
我现在就想把冰箱设置到零下五度,Music-Play
我要听王一博的年少心事,Alarm-Update
网友评点徐克的影视套拍好不热闹但从播出情况看似乎反响都平平,FilmTele-Play
明天上午的闹钟建立一下,Alarm-Update
帮我回放国防军事频道兵器面面观-2021-90节目,FilmTele-Play
等会听春晚小品循环播放一下2020年闫妮的快乐其实很简单,Weather-Query
打开上午十点的好享购物,Travel-Query
大理室内空气质量是良好吗,Travel-Query
建筑学概论已于一零月二五日开拍拍摄地选为首尔与济州岛,FilmTele-Play
搞笑类的有声漫画给我播一个,FilmTele-Play
继续播放快乐星球的第10集之后的剧集,FilmTele-Play
国内哪些大学有韩语专业,Alarm-Update
2月14号情人节是农历的哪天,Audio-Play
现在请给我循环播放十二生肖的故事英文版,Other
有声的紫襟说的悬疑的小说帮我播一下,Video-Play
能不能快点儿给我调高空调湿度,Video-Play
麻烦随便给我放一个鬼畜视频在哔哩哔哩上找,Weather-Query
去往拉萨的普快今天有票没有啊,FilmTele-Play
播放老友记的有声小说,Video-Play
2020年马丽出演的电影找一个播放呢,Radio-Listen
主演赵薇听歌周迅听歌孙俪听歌陈坤听歌甄子丹等人纷纷现身,Video-Play
帮我让空调切换到循环送风模式吧,Alarm-Update
可惜这辉煌的时代早已成为昨天,Music-Play
今天夜间有几级风啊,TVProgram-Play
提醒我18号晚上7点去看话剧,Travel-Query
云南少儿是不是正在播着宝贝爱动画帮我看下,TVProgram-Play
随机来一首张杰的歌曲吧,Music-Play
查看昨天9点广西卫视播放的是什么节目,Weather-Query
能来一个香港电影追龙吧,Travel-Query
都末日了还上什么班儿,Calendar-Query
我想知道昨天应该是什么节日,TVProgram-Play
我想再看一遍零点播放的嗨我的新家,Alarm-Update
给我找一下今年最火的轻音乐,Music-Play
但是二五日郑裕玲却突然出现在明报周刊的封面上宣布和吕方分手,Travel-Query
你是在怪我知道我不好,Calendar-Query
我要查今天到上海的飞机票,Music-Play
查询夜间气温会大幅度降低吗,Alarm-Update
太冷了把空调关了吧,Other
麻烦播放下心理FM,Audio-Play
东湖新闻都是每天十二点三十五分开播吗帮我打开看下,Calendar-Query
下载贵金属属行情软件,Music-Play
城北片区什么地点可以办理电信固定安装业务,Alarm-Update
湖南卫视的拥抱幸福播完了吗帮我看下,Radio-Listen
北京飞新加坡的飞机究竟是不是是11点的啊,Radio-Listen
黄金屋商业服务有限公司,HomeAppliance-Control
圣母哀悼曲凌轩企业社,HomeAppliance-Control
因为有你我的世界才会如此完美,FilmTele-Play
能不能帮我记一下明天下午给绝绝子打视频电话,Radio-Listen
帮我打开生活，我想看下今天下午播放些什么,Music-Play
能给我来一个13年周星驰执导的电影给我看吗,Calendar-Query
零点已经播出的顶级赛事-围棋回看一下,Alarm-Update
再过十分钟FM96.6的经济之声就能听了,HomeAppliance-Control
2019年8月23期的中国新说唱节目花絮帮我找一下吧,Radio-Listen
稻香是周杰伦因汶川地震创作的吗,Alarm-Update
我想看日本电视剧咖啡遇上香草的幕后故事帮我播放一下,Radio-Listen
明天的合肥天气预报等会就放了帮我调好台,Alarm-Update
开心消消乐通关的视频播一下,Alarm-Update
周末要去石家庄，那边天气怎么样,Radio-Listen
请用英语读下王维的西施咏,Audio-Play
查询目前在周口地区办理新势力十六元短信套餐可享受到哪些优惠,FilmTele-Play
告诉我自驾车去丽江车少的路线,Radio-Listen
在我到家之前将空调打开。,Other
播一下广播剧默读第一季,FilmTele-Play
农业银行企业贷款利率是多少,Travel-Query
山东生活十点钟有什么节目可以看帮我看下,Radio-Listen
我想要看93年的动画片十二生肖,Weather-Query
快放一个安徒生的童话故事给我听,Video-Play
我不要无聊骚扰否则将起诉被我不要任何无偿服务,FilmTele-Play
美国拍的科幻大片播放给我可以吗，漫威系列的,TVProgram-Play
下次还不知道什么时候,Travel-Query
给我收听一个频率是九二点零的天津人民广播电台滨海台,Other
我必须知道后天是个什么节,Video-Play
查询一下农历5月初3是哪天呢,FilmTele-Play
放一下潘长江的小品回家过年大家吃饭时候可以听,Radio-Listen
我想让你把频道调到河南广播电视台的新闻频道,FilmTele-Play
帮我查一下后天到武汉的机票,Music-Play
前两天泰州那边真的下冰雹了么,FilmTele-Play
昨天一五点五五分阮经天落户新浪微博发布了第一条微博,TVProgram-Play
我要到谷滩新区翠林路26号看下怎么走,Music-Play
帮我把中央空调切换到静眠模式好吗,Other
我要看17点的英雄联盟春季赛,FilmTele-Play
你写错我叫野王鹤一九六九年九月二十五号,FilmTele-Play
伊能静蒲巴甲主演的电影明天是否来临日前在京举办开机发布会,Weather-Query
昨日凌晨一时五零分华西都市报记者已进入梦乡,Radio-Listen
给我听魔道祖师主题曲何以歌,Radio-Listen
想看哈尔的移动城堡这部日本电影。,FilmTele-Play
继续播放我的漂亮朋友第5集之后的剧集,Other
当她听到是主持舞林大道很快就答应了,HomeAppliance-Control
职场的广播剧随便播放一个,Video-Play
现在赶紧告诉我星期二是农历几月几号呀,Music-Play
我要再看一遍刘昊然演的唐人街探案三。,Weather-Query
晨报讯记者徐迅谁是眼下最受欢迎的明星,Video-Play
明天终于可以休息一天了,Music-Play
请帮我创建一个周五晚上8点左右看王牌对王牌的闹钟。,Radio-Listen
星光下的奇迹用故事巧妙联结歌曲在不同曲目中穿插文艺化的独白,Audio-Play
学习化妆视频给我找一下,Music-Play
在回复本报记者的短信里还幽默地叮嘱冷静还是关注电影吧,HomeAppliance-Control
想看生命线了查看一下在哪个频道播出,Video-Play
徐子淇追仔成功继续生公公亲证是男胎图,Weather-Query
我要看江苏卫视的龙鼎风云帮我回放往期视频,TVProgram-Play
你能给我播放一个去年播出的电视剧铁之骨吗,Music-Play
是的这就是陈宝国一个看,Radio-Listen
查看查看天津去往郑州的客车哪天有票呢,Music-Play
刘兰芳讲的赵匡胤演义播放一下,Video-Play
请只将明天下午3点的那个提醒删除,HomeAppliance-Control
单曲循环英文歌曲Baby。,Radio-Listen
什么时候是陇端节,Calendar-Query
后天下午两点半去医院拿体检报告的提醒制定一下。,Audio-Play
湖南卫视的今天的鲜厨100第二季播放一下,TVProgram-Play
见此短信速上QQ我把答案传给你你看完速删,TVProgram-Play
帮我把取暖器温度再调低点吧,Weather-Query
我想看一个家庭剧生活万岁,HomeAppliance-Control
世界无烟日在农历几月几日,Audio-Play
我想听薛之谦的丑八怪。,Calendar-Query
找几个美国动漫视频小短片来看看,Radio-Listen
能给我播放一下三生三世枕上书的第四集吗,HomeAppliance-Control
找一下迪丽热巴的三生三世枕上书播放吧,Other
能不能调到音乐类的东莞音乐广播电台,Calendar-Query
请马上帮我播放聊斋,Video-Play
播放古诗夜宿山寺给大家听,Video-Play
调频到邓昆的美妆分享,Radio-Listen
记一下5月12号去烫头发,Other
可以让冰箱冷藏室温度调到5度吗,Radio-Listen
拍戏主持唱歌全面开花样样精彩,Video-Play
另外就是运动游泳滑雪,Alarm-Update
江西湿度怎么样,Calendar-Query
马上给我新建一个备忘录4月29号去植树,Travel-Query
今年的古尔邦节是农历的什么时候举行,TVProgram-Play
石家庄从建华商厦到红旗大街和槐安路交叉口乘公交,Music-Play
闹钟定到明天下午3点,Radio-Listen
最近一周山西会有大风出现吗,Radio-Listen
昨日第一七届美在花城新星大赛在广州拉开帷幕,Travel-Query
播一下屈原的离骚把,Weather-Query
CCTV7国防军事频道5月20查询一下有哪些节目,HomeAppliance-Control
你怎么知道你怎么知道,Video-Play
给小孩子讲个故事谁跑得最快,Video-Play
放一下本特利.利特的惊悚小说古希腊的魔咒德语版的,Other
明天沧州会下冰雹吗,FilmTele-Play
法国巴黎现在几度,Audio-Play
请你帮我把空调调高个四五度,Radio-Listen
播放量最多的悬疑小说可以帮我找一下吗,FilmTele-Play
打发打发时间帮我播放逆流而上的你吧都市剧,Travel-Query
5月14日的凌晨剧场打开一下,TVProgram-Play
美食每刻下午的节目播放一下,Audio-Play
替我设置工作日学法语的闹铃,Radio-Listen
亲爱的啊以后去你家做客吃饭完要不要洗碗啊,Radio-Listen
周日有风吗几级风温度多少啊,Radio-Listen
日本动漫初恋怪兽给我找一下,Weather-Query
林心如演的那个电视剧继续播放一下,Music-Play
我想看体育赛事重播,Travel-Query
我记错了最后几个字是结了婚,Radio-Listen
张国柱张震交女友我来打分,TVProgram-Play
播FM999犀牛电台的潮音乐,Music-Play
社费等可以在群空间查看,TVProgram-Play
下个月五号是周几啊,HomeAppliance-Control
80年代射雕英雄传专辑里的歌粤语全部顺序播放,Radio-Listen
告诉我七月十号曼彻斯特什么天气,Radio-Listen
设定闹钟半夜12点苹果发布会,Video-Play
回放一下5月26上午播出的远方的家2021-53,Alarm-Update
请给我播放古诗送人,Other
萨噶达瓦节是农历的哪天,Calendar-Query
找个在放法语歌儿的音乐电台听,Travel-Query
听了让人想哭的歌曲来一个吧,FilmTele-Play
查询广州的湿度,Other
今天是大雨还是中雨,Music-Play
几月几号是小寒,Calendar-Query
记者婚后是否多了责任,Video-Play
马上我就要你帮我规划一条不走高速的去哈尔滨路线,TVProgram-Play
电饭煲调成糙米饭模式可以不可以呢,Other
2021年5月23号帮我建立提醒复习考试内容,Alarm-Update
找一个范冰冰在90年代之后的电视剧播放,Weather-Query
今天的新闻联播播了吗帮我看下,HomeAppliance-Control
给我放一个张子亚的每日热评,TVProgram-Play
成龙同名专辑内的真的，用了心播放一下吧,Calendar-Query
下周五建立备忘录参加家长会,Music-Play
新浪娱乐讯今春的高圆圆可谓是商业走秀场的宠儿,Calendar-Query
能帮我找到贵阳的路吧,FilmTele-Play
你一般什么时候有空呢,Radio-Listen
广播剧魔道祖师的花絮帮我播放,TVProgram-Play
陈奕迅的歌曲中有没有英文歌呢,Video-Play
欢乐喜剧人是在吉林综艺播放吗我想看下,Alarm-Update
我想看一个中国今年的电视剧啊,HomeAppliance-Control
纯古筝弹奏版本的南山南可以听听吗,Video-Play
放一个王维的山中送别,Radio-Listen
今天北京的降水量能不能测出来,Video-Play
能不能来一个频率是一零三点九的北京人民广播电台交通台,Calendar-Query
帮我看看农历正月12是3月3日还是3月4日啊,FilmTele-Play
他说明后十二十三号两天的温度天气状况挺好的,Music-Play
放一个童话故事蜗牛和玫瑰树法语版的,Alarm-Update
沈阳始发的磁悬浮列车哪天有票,FilmTele-Play
能看韩星朴信惠的电视剧吗,Music-Play
我有一个老婆我还想再找一个小三怎么办,Weather-Query
熟悉的过程熟悉的描述与熟悉的一切,Video-Play
请给我放一下郭麒麟岳云鹏的相声三大才子来听,Video-Play
剧种也融到现代社会的人事物中去发展他不接受你愣给这不强迫吗,Weather-Query
上海交通广播的大家帮给我放一下,Alarm-Update
来一首西班牙情歌给我吧,Audio-Play
一九岁的孩子朝气蓬勃的年纪发生这样的事令人难以置信,FilmTele-Play
我想看看3月26日是农历几月几日,Alarm-Update
美丽新风尚今晚21点44分还是在安徽经济生活播出吗帮我看下,Video-Play
舌尖上的中国二电视上又在播了我想看下,Alarm-Update
是否可以播放一下杨紫的现代剧给我看啊,FilmTele-Play
让电视机关机,Travel-Query
欢快的歌曲播放一个吧,FilmTele-Play
放一首李白的送友人英文版听,Radio-Listen
能不能播放一下西游记的第二集,TVProgram-Play
我需要你立刻播放2021年乘风破浪的姐姐里面出现的歌,Travel-Query
香港版的电视剧花木兰的拍摄花絮播放出来,FilmTele-Play
我想听岳云鹏和孙悦的对口相声,Other
能不能设两个闹钟，一个是早上八点半，一个是晚上八点半,Calendar-Query
曾承认老婆怀孕李亚鹏现封口,TVProgram-Play
给我放李绅的悯农,Radio-Listen
多喝水水对保持柔美的肌肤尤为重要,Video-Play
好像有哪个台演电影呢陆小凤传奇快观看一下,FilmTele-Play
告诉我如何开车去北京太庙啊,FilmTele-Play
新浪娱乐讯一零日早晨涉毒被捕的酒井法子被送交东京地方检察厅,Other
在中国一线女明星中这个最具性价比的桂冠又花落谁家呢,Video-Play
给你打电话怎么不接啊,Other
我说给调到FM105点2我要听路文文的节目,Radio-Listen
专辑鸽子里的歌曲随机播放一个吧,HomeAppliance-Control
播放破云广播剧的花絮,FilmTele-Play
随便播一个都市的有声小说,Radio-Listen
有点冷，空调的度数可以再调高三度吗,Radio-Listen
空调风速放小多放点儿,Audio-Play
国防军事频道有节目叫国防微视频-军歌嘹亮-青春迷彩谣看下,Audio-Play
查下今天夜间鸡西的平均气温,Weather-Query
南阳了哎他那都快儿闷死了,Alarm-Update
回放5月22日的陕西新闻联播,FilmTele-Play
2020年播出的宋茜和宋威龙主演的电视剧下一站是幸福播放一下可以吗,FilmTele-Play
毛不易唱的电视剧金曲随机来一首,Music-Play
我想看下陕西二套今早的都市快报早间版,Calendar-Query
收听音乐类的江苏人民广播电台音乐台,HomeAppliance-Control
凌晨3点喊我打王者的那个备忘录请记得帮我删除,Calendar-Query
查看电影频道播的快递丘比特,Audio-Play
你能给我瞅瞅星期几是教师节,Alarm-Update
立刻找出来iPad Air的测评视频,Alarm-Update
今年的七夕是几月几号,FilmTele-Play
广东的空气质量好吗,FilmTele-Play
我们有枪战有近身肉搏还有大量的追逐和跟踪戏,Audio-Play
古代神话剧就给我播放喜气洋洋猪八戒,Video-Play
我想重新看一下综合台播出的变形记,Alarm-Update
快点找出来电视剧三国演义的花絮视频,TVProgram-Play
香港飞往长沙的飞机有没有下午两点的,Weather-Query
怦然心动的有声漫画帮我播一下,Music-Play
帮我找一张明天武汉飞石家庄最早的机票,FilmTele-Play
记得将4月10号修改成4月9号提醒,Travel-Query
体坛快讯的往期节目回看一下,Video-Play
广东韶关那里这次会不会有台风登陆啊,Travel-Query
吸血鬼侦探这个韩国电视剧的花絮给我播放一下,HomeAppliance-Control
帮我调到国宝发现之旅节目昨晚没来及看,Alarm-Update
异形大战铁血蛋战士二,TVProgram-Play
给我播放邓紫棋的摩天动物园,Weather-Query
今天下午要穿棉袄吗,Music-Play
明天就到乌鲁木齐了啊,Music-Play
湖南明天有没有可能下雨,Music-Play
有声小说三体播放一下,Music-Play
给我找FM90点0就是中央人民广播电台,Alarm-Update
有声小说罪无可赦播放一下,Audio-Play
南京信息工程大学滨江学院物理考生的分数线,FilmTele-Play
昨日娱乐圈劳模范冰冰来到郑州为某品牌羽绒服做代言,Radio-Listen
我小学时挺假小子的整天野在外面晒得很黑,Radio-Listen
去年有没有好听的悲伤歌曲播放一下吧,HomeAppliance-Control
找一个BBC自制的最好看的纪录片来看吧,Alarm-Update
相恋五年胡须男苦追燕姿,Alarm-Update
给我放望天门山这首诗来听吧,Music-Play
希望你过的比我幸福能怎么样,TVProgram-Play
抖音上火的好听歌曲随机来一个吧,Travel-Query
创建30号上午10点带孩子去书法课的提醒。,FilmTele-Play
马上帮我回放浙江电视台的今日聚焦,Video-Play
我想看2020年上线的美国大片,Other
记得提醒我每周一到周六晚上6点在群里打卡,Video-Play
圣诞除夕分别是几月几号,Radio-Listen
能告诉我农历5月初3是哪天吗,Audio-Play
想看百姓财经，帮我打开公共吧,FilmTele-Play
给我查询一下12点30分有惠州始发去汕头的汽车不,Music-Play
无线四五周年台庆亮灯仪式邵逸夫亮相高层玩团结,Travel-Query
能否查下日历大后天是农历几月初几呢,Audio-Play
中国新闻在哪个电视频道播出查询一下,Radio-Listen
广播剧默读的花絮帮我播一下,Music-Play
我想看克里斯汀斯图尔特拍摄暮光之城时的现场搞笑花絮,Other
播聪明的小裁缝这个故事给小孩听,FilmTele-Play
FM106点2的电台节目帮我播放一下,TVProgram-Play
放一个童话故事小红帽来听一下,TVProgram-Play
明天要去安徽出差，那边天气怎么样,Music-Play
查询苏杭气温,TVProgram-Play
给我新建一个9月19号10点的闹钟,Weather-Query
等会回家路上想听麻烦给我播放德云社的群口相声,Video-Play
看到谢霆锋夫妇很感动,HomeAppliance-Control
三星平板六二幺零能进行系统升级吗,Travel-Query
查找电影指环王系列的剪辑片段吧,Audio-Play
帮我打开洗衣机吧，将洗衣机里的衣服洗了,Travel-Query
很知足喜欢给儿子换尿不湿,Calendar-Query
我不想听歌了，帮我关闭音响。,Audio-Play
明天天气晴朗吗，能带孩子去植物园吗？,HomeAppliance-Control
频率是九六点六的第二套节目经济频道给我收听一下可以吗,Music-Play
查一下今天南京的紫外线指数,HomeAppliance-Control
顺序播放一下莱芙里面的歌曲呢,Travel-Query
请问今天万宁污染严重吗,FilmTele-Play
千金归来这个电视全集都给我播放一下吧，就是李易峰演的那个,Other
周五下午六点十五分会下雨吗？,Audio-Play
农历的什么时候是驴节,Alarm-Update
帮我开启明天上午8点去栽树的闹钟。,FilmTele-Play
帮我找出5月27日18点播出的动漫,Audio-Play
6号的那个备忘录你帮我改成9号,Radio-Listen
我们都想听一下许嵩的医生这首歌呢,Radio-Listen
迪丽热巴的一千零一夜能不能播放呢,Alarm-Update
我等下要出门，关了空气净化器吧。,FilmTele-Play
七律人民解放军占领南京的诗句,Radio-Listen
看一下鹿晗演的甜蜜暴击,Audio-Play
我需要听一个频率是九三点四的山东人民广播电台综合频道,Audio-Play
不要试图跟一个煞笔争论,Music-Play
东周刊前总编因刘嘉玲裸照案入狱五个月,Alarm-Update
瑞奇马汀不请保姆自己照顾宝宝,TVProgram-Play
大生活家每天都会在七点四十分播放吗我想看下,HomeAppliance-Control
就是说上次让你带东西来着,HomeAppliance-Control
接着上次继续播放斯蒂芬金的宠物公墓第四章,Music-Play
麻烦播放一下专辑爱你3000，按顺序播放,Calendar-Query
在北京当个三线歌手肯定比我现在赚的多十倍,Calendar-Query
搜索播放济南明天是否有雨,Travel-Query
昨天西南地区刮风了吗,TVProgram-Play
韶关周三会下暴雨吗,Alarm-Update
请给我放一下路遥的人生来听,Alarm-Update
放一下自私的巨人这个故事给我听吧,Calendar-Query
回放2008年的北京奥运会,Radio-Listen
请告诉我知道国庆节是哪个月多少号,Calendar-Query
即被在后面的小春打了他的头一下,Music-Play
快点查一下星期一是多少号呢,FilmTele-Play
回应只提供建议不帮助决定,FilmTele-Play
廖碧儿迷上咏春率香港咏春联会弟子拜祭宗师,Audio-Play
能否查询礼拜二是农历几号呀,Video-Play
放个小说美丽与悲哀来给我听吧,Music-Play
用电磁炉1900W的火力煮鸡肉,HomeAppliance-Control
是否可以收听经济类的珠江经济电台呢,Audio-Play
帮我打开南昌精品房产吧，想了解今天的房产信息,Video-Play
不过至记者截稿时并没有得到孙骁骁和苏醒的回应,Music-Play
能否将5月10号的提醒改到6月12号提醒,Other
说说什么节日是5月12日啊,TVProgram-Play
请调到北京人民广播电台的新闻台,Audio-Play
2021年在中国播出的十二谭讲解视频帮我播放吧,Calendar-Query
播一个晚上00点更新的国产动漫,HomeAppliance-Control
今年的中秋节是哪天,Travel-Query
农历的吃立节是哪天,TVProgram-Play
《让我一次爱个够》播放一下，庾澄庆的,Travel-Query
从正定到定兴怎么走啊,Other
给我看一个三年前的抗战时期剧吧,Music-Play
帮我设置周五下午6点去减肥的提醒。,TVProgram-Play
是不是能把2018年的电影悲伤逆流成河播放一下呢,Alarm-Update
我没有身份证那么怎么知道我是男是女,Travel-Query
听海峡之声闽南话广播的闽南文艺,Music-Play
帮我把洗衣机设置为混合洗试试吧,TVProgram-Play
想了解一下昨天的今日关注，给我回放一下吧,Audio-Play
我八号去西安应该穿什么样的衣服,Radio-Listen
频率是九九点九的英德人民广播电台听听啊,Music-Play
我们一起听一听我们的时光这首民谣吧,Other
想看首都经济报道，帮我打开北京经济吧,Other
麻烦帮我看看5号北京是不是有大暴雨,TVProgram-Play
放古诗春日英文版,FilmTele-Play
有钱的花花公子不必碰不可碰碰而不得,Calendar-Query
续播推理小说无罪之证的第三章,Radio-Listen
播放一个李世英主演的电视剧的介绍视频,FilmTele-Play
秦始皇哪年统一六国的,Music-Play
香港的电视剧流金岁月第十集花絮播放出来,Video-Play
幸好杜家毅八年前是以制片人的身份第一次见到陈国富,Audio-Play
稍后单曲循环播放中文版的see you again,Calendar-Query
零点37的天气预报再帮我播放一遍,Travel-Query
恋爱的广播剧随便播放一个,Alarm-Update
麻烦把空气加湿器打开。,Radio-Listen
怎么走自驾车去云南丽江最省告诉费呢,FilmTele-Play
放一下频率是九九点四的镇江经济广播电台,Radio-Listen
江苏影视的剧说那些事播过了吗帮我看下,Travel-Query
90年代的有关土改时候的剧播放一个可以吗,Video-Play
据网友说尺度开放程度比兽兽视频有过之而无不及,Video-Play
第五人格游戏的视频播一下,Video-Play
频率是九九点八的湖北人民广播电台经济台可以播放一下吗,Music-Play
听沈阳生活广播的我家在装修在生活台呢,Weather-Query
怎么开车去莲塘路377号,Alarm-Update
告诉我下室内PM2.5是多少,TVProgram-Play
能不能只删除下午1点到7点的闹铃,Video-Play
查查5号到兰州西站的火车票,Video-Play
我想要从黄石去石家庄火车票下铺,Music-Play
你能给我来一首播放量最高的纯音乐吗,Music-Play
可以把灯亮度调节成百分之五十吗,Weather-Query
给我随机找一个新闻电台啊,FilmTele-Play
查询什么节日是9月10日啊,Video-Play
查询荷兰会下雨吗,Travel-Query
明天晚上7点去烧香的闹铃帮我开启一下吧。,FilmTele-Play
请在今天4点的时候通知我去上计算编程课,TVProgram-Play
麻烦给我播放刘琮和杨天翔合作的广播剧,Video-Play
来一个推理剧的风暴舞吧,Weather-Query
麻烦关一下吸尘器。,Audio-Play
那你发张照片过来看看,Audio-Play
例句公园怎么走过去啊,TVProgram-Play
扫地机器人去充电可以嘛,Alarm-Update
快速打开江苏公共新闻电视台的奇趣大自然。,Weather-Query
是否可以播放一下吴磊出演的斗破苍穹呢,Calendar-Query
下一个播放文艺之声频道的流行音乐,Calendar-Query
这里怎么到南开火车站,TVProgram-Play
我们家乡夏天的平均室外温度为摄氏25度,HomeAppliance-Control
查一下明天大理的穿衣指数,Music-Play
动漫夏目友人帐第五季帮我找一下吧,Weather-Query
贵州卫视的贵州新闻联播播放一下,Calendar-Query
韩国艺人李敏镐的电视剧给我播放一个可以吗,Radio-Listen
看下CCTV4演的走近科学家,Music-Play
我要听王尔德的故事快乐王子,FilmTele-Play
麻烦我要听浙江人民广播电台的新闻快报,Travel-Query
后天上午十一点钟提醒我去接朋友出院 ,Other
今天空气质量怎么样适合骑行吗,Travel-Query
另外对于收入分配的规定也非常不公平因此才提出解约,TVProgram-Play
人口-2021-21在CCTV1，这期节目能在电视上找一下吗,FilmTele-Play
说说星期一是几号来着啊,Audio-Play
把暖风温度上升一些,FilmTele-Play
如何骑车去海边没有上坡路呢,Music-Play
今天早上的父母爱情还有播吗帮我看下,Travel-Query
我真的很想看今年的和平精英解密系列的完整版视频给我打开下可以吗,Video-Play
顺序播放金志文专辑远走高飞里的歌,FilmTele-Play
重阳节是几月几号？,Radio-Listen
我要你唱一个2011年的西班牙语言歌曲给我呢,Video-Play
定一个今天下午2点去游乐园的闹钟。,Calendar-Query
7月5日去赣州最快的汽车是哪一趟。,Video-Play
预约下明天早上八点开启电饭煲然后调到快煮饭模式,HomeAppliance-Control
爱丁堡苏格兰国立美术馆在哪一年正式对外,Audio-Play
下个月会下雨吗,FilmTele-Play
沧州穿衣指数准确吗,Radio-Listen
给我找一个C罗的经典足球比赛来看,Weather-Query
加湿器设置为恒湿调节模式吧,Calendar-Query
你给我播放一下家庭剧小舍得呢,Audio-Play
我想看香港的科幻喜剧呢,Radio-Listen
请继续播放五十年代的战争电影吧,TVProgram-Play
有土耳其进行曲吗放一下听听古典,Weather-Query
西安的空气质量是较好吗,HomeAppliance-Control
南宁今天凉爽吗需要穿褂子吗,FilmTele-Play
到机场帮我找一下最短路线,FilmTele-Play
查询未来一周香港天气状况,Video-Play
昨天法国报告“罕见” 变异新冠病毒的新闻视频再给我放下吧,Weather-Query
请播放东野圭吾的推理小说嫌疑人X的献身,Weather-Query
有声的紫襟讲的都市的小说帮我播一下,Video-Play
能不能在日历里查查五月一日和五月四日哪个是青年节,Video-Play
能继续收听交通类的羊城交通广播电台吗,HomeAppliance-Control
我要看下越战越勇节目，帮我回放下,Radio-Listen
有听后让人热血沸腾的歌曲吗,Radio-Listen
请帮我查一下舌尖上的中国纪录片,Audio-Play
你好俄罗斯是不是在黑龙江卫视播放帮我看下,Video-Play
学猫叫这首歌一直循环一下吧,Other
都市路剧场十一点播放完毕后紧接着播放什么节目帮我看下,HomeAppliance-Control
B站上的非正式会谈第六季的相关视频快点给我播放,Radio-Listen
你可以只打开9号凌晨的闹钟,Radio-Listen
有声小说盗墓笔记给我播一下,FilmTele-Play
给我播放今天更新的那集螺丝钉我要看,Travel-Query
八月一日晚谢贤四哥致电给我他说我明天可以在你节目讲些话吗,Calendar-Query
燕云台第二十集播放一下吧,FilmTele-Play
我要听用法语讲的狮子烫头发的故事,Weather-Query
日本的恐怖片播放一个吧像贞子那样的,Radio-Listen
苏珊大妈取消澳洲演唱会自称太忙需要时间休息,Travel-Query
马上播一下杜甫的佳人,Audio-Play
末代皇帝传奇今晚21点将在安徽农业科教播出吗帮我看下,Calendar-Query
来播一个郑渊洁的小故事给我听,FilmTele-Play
帮我继续播放一下遇龙的第三集吧,TVProgram-Play
请不要让我背负莫须有的罪名我无法承受,Weather-Query
僵尸之地编剧将负责剧本,Alarm-Update
洗衣机漂洗使得水位设定为三升,HomeAppliance-Control
继续拨拨到宁夏音乐广播听那儿的本土音乐潮,Radio-Listen
刚刚我想知道南京始发经停的飞机哪天才有票呢,Calendar-Query
听听丽红主持的都市之声,HomeAppliance-Control
搜索让人看了非常气愤的说不出话的短信,Radio-Listen
播放寻宝游戏里面的歌曲重复重复呢,FilmTele-Play
给小孩子放一个葫芦兄弟的故事吧,Radio-Listen
晚上不想睡早上不想起,Music-Play
6月20号在星期天吗,Weather-Query
是否能找一首2019年的抖音歌曲播放下呢,Video-Play
下午三点有哪个台放大话西游吗帮我看下,Radio-Listen
随机播放一首古筝弹奏的曲子可以吗,Radio-Listen
美食纪录片螃蟹的征途给我找一下,Travel-Query
打开播放广州降水的报告,Radio-Listen
